{
  "nan_rate": 0.0,
  "n_samples": 20000,
  "mmd_rbf": 0.004367947578430176,
  "sliced_wasserstein": 1.7375986918928255,
  "reverse_init": "stationary",
  "correction": "a_correction",
  "n_paths": 25000,
  "n_epochs": 5000,
  "batch_size": 4096,
  "n_steps_per_unit": 250,
  "n_steps_rev": 1000,
  "n_times": 12,
  "sim_seconds": 2.9116454385221004,
  "teacher_seconds": 0.0027889441698789597,
  "forward_seconds": 2.9144343826919794,
  "train_seconds": 832.3991012647748,
  "reverse_seconds": 298.4538880009204,
  "eval_seconds": 0.8829210549592972,
  "total_seconds": 1135.2123211268336
}