{
  "nan_rate": 0.0,
  "n_samples": 20000,
  "mmd_rbf": 0.0009551346302032471,
  "sliced_wasserstein": 1.7068658688188452,
  "method": "mirafzali_residual_knn_nw",
  "residual_alpha": 1.0,
  "residual_knn_k": 512,
  "residual_knn_bandwidth_scale": 1.0,
  "var_H": 2.9847326278686523,
  "var_residual": 1.7127642631530762,
  "mean_residual_norm": 1.2537150382995605,
  "config_key": "mirafzali_residual_knn_nw/a1.00_k512_bw1.0"
}