{
  "nan_rate": 0.0,
  "n_samples": 20000,
  "mmd_rbf": 0.004701524972915649,
  "sliced_wasserstein": 1.6796473619686687,
  "reverse_init": "stationary"
}