{
  "nan_rate": 0.0,
  "n_samples": 20000,
  "mmd_rbf": 0.0006203949451446533,
  "sliced_wasserstein": 2.041467864379409,
  "reverse_init": "stationary",
  "residual_alpha": 1.0,
  "nw_bandwidth_scale": 1.0,
  "residual_knn_k": 256,
  "residual_knn_bandwidth_scale": 1.0,
  "var_H": 2.9811761379241943,
  "var_residual": 1.7357800006866455,
  "mean_residual_norm": 1.261982798576355
}