{
  "mode_coverage": {
    "n_covered": 8,
    "n_modes": 8,
    "coverage_fraction": 1.0,
    "min_proportion": 0.1169,
    "max_proportion": 0.13233333333333333,
    "proportions": [
      0.12686666666666666,
      0.12433333333333334,
      0.1266,
      0.12393333333333334,
      0.1244,
      0.1169,
      0.13233333333333333,
      0.12463333333333333
    ]
  },
  "nearest_mode_dist": {
    "mean": 0.450537770986557,
    "std": 0.2323627918958664,
    "median": 0.42739391326904297
  },
  "mmd_rbf": 0.002020629446282285,
  "sliced_wasserstein": 0.1420242367137748,
  "nan_rate": 0.0,
  "n_samples": 30000
}