{
  "nan_rate": 0.0,
  "n_samples": 20000,
  "mmd_rbf": 0.0005450844764709473,
  "sliced_wasserstein": 1.7131730738201612,
  "var_S": null,
  "var_D": null,
  "var_delta": null,
  "var_H": 0.5443333387374878,
  "mean_H_norm": 0.9594168663024902,
  "var_H_norm": 0.16818663477897644,
  "mean_A2": null,
  "mean_B2": null,
  "mean_C2": null,
  "reverse_init": "stationary",
  "correction": "approx",
  "n_paths": 25000,
  "n_epochs": 5000,
  "batch_size": 4096,
  "n_steps_per_unit": 250,
  "n_steps_rev": 1000,
  "n_times": 12,
  "sim_seconds": 2.9632947165519,
  "teacher_seconds": 0.08922908641397953,
  "forward_seconds": 3.0525238029658794,
  "train_seconds": 820.2349887229502,
  "reverse_seconds": 296.93073792755604,
  "eval_seconds": 2.0361230671405792,
  "total_seconds": 1123.1364142745733
}