{
  "config": {
    "family": "knn_nw",
    "bandwidth": null,
    "k": 128,
    "bandwidth_scale": 0.5
  },
  "group": "sweep_top5",
  "seeds": [
    0,
    1,
    2
  ],
  "mmd_rbf_mean": 0.0021773728674825965,
  "mmd_rbf_std": 0.0002866761983425517,
  "sliced_wasserstein_mean": 0.1438467169382551,
  "sliced_wasserstein_std": 0.0016966550529098935
}