{
  "nan_rate": 0.0,
  "n_samples": 20000,
  "mmd_rbf": 0.0006504952907562256,
  "sliced_wasserstein": 1.719256313285586,
  "method": "mirafzali_residual_nw",
  "residual_alpha": 0.75,
  "nw_bandwidth_scale": 1.0,
  "var_H": 2.9847326278686523,
  "var_residual": 1.6416393518447876,
  "mean_residual_norm": 1.232181191444397,
  "config_key": "mirafzali_residual_nw/a0.75_bw1.0"
}