{
  "nan_rate": 0.0,
  "n_samples": 20000,
  "mmd_rbf": 0.0021004676818847656,
  "sliced_wasserstein": 1.6112525949772396,
  "var_S": 0.5444956421852112,
  "var_D": 3.8367621898651123,
  "var_delta": 5.871339797973633,
  "var_H": 5.871339797973633,
  "mean_H_norm": 2.9373836517333984,
  "var_H_norm": 3.1155076026916504,
  "mean_A2": 0.10034093609265983,
  "mean_B2": 0.03879197774082813,
  "mean_C2": 0.40088795094937085,
  "reverse_init": "stationary",
  "correction": "mirafzali_full",
  "n_paths": 25000,
  "n_epochs": 5000,
  "batch_size": 4096,
  "n_steps_per_unit": 250,
  "n_steps_rev": 1000,
  "n_times": 12,
  "sim_seconds": 2.932941973209381,
  "teacher_seconds": 0.0030462462455034256,
  "forward_seconds": 2.9359882194548845,
  "train_seconds": 818.8447212688625,
  "reverse_seconds": 297.6691520716995,
  "eval_seconds": 1.8060624208301306,
  "total_seconds": 1122.99150865525
}