{
  "mode_coverage": {
    "n_covered": 8,
    "n_modes": 8,
    "coverage_fraction": 1.0,
    "min_proportion": 0.12016666666666667,
    "max_proportion": 0.13016666666666668,
    "proportions": [
      0.1228,
      0.12016666666666667,
      0.12286666666666667,
      0.1265,
      0.1257,
      0.13016666666666668,
      0.12893333333333334,
      0.12286666666666667
    ]
  },
  "nearest_mode_dist": {
    "mean": 0.45095962285995483,
    "std": 0.23221749067306519,
    "median": 0.427707314491272
  },
  "mmd_rbf": 0.002617843500966499,
  "sliced_wasserstein": 0.14692493784845526,
  "nan_rate": 0.0,
  "n_samples": 30000
}