{
  "mode_coverage": {
    "n_covered": 8,
    "n_modes": 8,
    "coverage_fraction": 1.0,
    "min_proportion": 0.12013333333333333,
    "max_proportion": 0.13026666666666667,
    "proportions": [
      0.13026666666666667,
      0.12213333333333333,
      0.1294,
      0.12733333333333333,
      0.123,
      0.12013333333333333,
      0.12143333333333334,
      0.1263
    ]
  },
  "nearest_mode_dist": {
    "mean": 0.45172250270843506,
    "std": 0.23317191004753113,
    "median": 0.42693787813186646
  },
  "mmd_rbf": 0.0032968126129448994,
  "sliced_wasserstein": 0.14465157950911922,
  "nan_rate": 0.0,
  "n_samples": 30000
}