{
  "nan_rate": 0.0,
  "n_samples": 20000,
  "mmd_rbf": 0.0004279017448425293,
  "sliced_wasserstein": 1.7088709188136884,
  "reverse_init": "stationary",
  "residual_alpha": 1.0,
  "nw_bandwidth_scale": 1.0,
  "residual_knn_k": 256,
  "residual_knn_bandwidth_scale": 1.0,
  "var_H": 2.9394283294677734,
  "var_residual": 1.728417992591858,
  "mean_residual_norm": 1.259592890739441
}