{
  "config": {
    "method": "raw"
  },
  "group": "baseline",
  "seeds": [
    0,
    1,
    2
  ],
  "mmd_rbf_mean": 0.0019221453280262775,
  "mmd_rbf_std": 0.0007104016418685797,
  "sliced_wasserstein_mean": 0.1393962397486338,
  "sliced_wasserstein_std": 0.00170632840946751
}