{
  "nan_rate": 0.0,
  "n_samples": 20000,
  "mmd_rbf": 0.003497987985610962,
  "sliced_wasserstein": 1.2948646019331969,
  "mode_coverage": {
    "n_covered": 8,
    "n_modes": 8,
    "coverage_fraction": 1.0,
    "min_proportion": 0.08205,
    "max_proportion": 0.16205,
    "mean_nearest_dist": 0.2799161374568939
  },
  "reverse_init": "stationary"
}