{
  "nan_rate": 0.0,
  "n_samples": 20000,
  "mmd_rbf": 0.0009274482727050781,
  "sliced_wasserstein": 1.7080579381165584,
  "reverse_init": "stationary",
  "correction": "approx",
  "n_paths": 25000,
  "n_epochs": 5000,
  "batch_size": 4096,
  "n_steps_per_unit": 250,
  "n_steps_rev": 1000,
  "n_times": 12,
  "sim_seconds": 3.160400280728936,
  "teacher_seconds": 0.09293565154075623,
  "forward_seconds": 3.2533359322696924,
  "train_seconds": 831.6537175942212,
  "reverse_seconds": 299.33533703535795,
  "eval_seconds": 0.8727781977504492,
  "total_seconds": 1135.9931030534208
}