{
  "nan_rate": 0.0,
  "n_samples": 20000,
  "mmd_rbf": 0.00144881010055542,
  "sliced_wasserstein": 1.0386314832953434,
  "reverse_init": "stationary"
}