{
  "nan_rate": 0.0,
  "n_samples": 20000,
  "mmd_rbf": 0.0007450282573699951,
  "sliced_wasserstein": 1.266025531813675,
  "mode_coverage": {
    "n_covered": 8,
    "n_modes": 8,
    "coverage_fraction": 1.0,
    "min_proportion": 0.11745,
    "max_proportion": 0.1398,
    "mean_nearest_dist": 0.23255786299705505
  },
  "reverse_init": "stationary"
}