{
  "nan_rate": 0.0,
  "n_samples": 20000,
  "mmd_rbf": 0.001619189977645874,
  "sliced_wasserstein": 1.297657948111473,
  "mode_coverage": {
    "n_covered": 8,
    "n_modes": 8,
    "coverage_fraction": 1.0,
    "min_proportion": 0.11935,
    "max_proportion": 0.13125,
    "mean_nearest_dist": 0.3437274396419525
  },
  "reverse_init": "stationary"
}