{
  "mode_coverage": {
    "n_covered": 8,
    "n_modes": 8,
    "coverage_fraction": 1.0,
    "min_proportion": 0.12106666666666667,
    "max_proportion": 0.1283,
    "proportions": [
      0.12803333333333333,
      0.12403333333333333,
      0.12763333333333332,
      0.1256,
      0.12413333333333333,
      0.1283,
      0.1212,
      0.12106666666666667
    ]
  },
  "nearest_mode_dist": {
    "mean": 0.45026642084121704,
    "std": 0.22967925667762756,
    "median": 0.4267770051956177
  },
  "mmd_rbf": 0.0020637621482998414,
  "sliced_wasserstein": 0.14027016700601924,
  "nan_rate": 0.0,
  "n_samples": 30000
}