{
  "nan_rate": 0.0,
  "n_samples": 20000,
  "mmd_rbf": 0.014650195837020874,
  "sliced_wasserstein": 2.9501067280724156,
  "mode_coverage": {
    "n_covered": 8,
    "n_modes": 8,
    "coverage_fraction": 1.0,
    "min_proportion": 0.10215,
    "max_proportion": 0.1438,
    "mean_nearest_dist": 2.8363420963287354
  },
  "reverse_init": "stationary"
}