{
  "nan_rate": 0.0,
  "n_samples": 20000,
  "mmd_rbf": 0.0016959309577941895,
  "sliced_wasserstein": 1.7339198834051854,
  "var_S": null,
  "var_D": null,
  "var_delta": null,
  "var_H": 1.1583075523376465,
  "mean_H_norm": 1.2050738334655762,
  "var_H_norm": 0.8644393086433411,
  "mean_A2": null,
  "mean_B2": null,
  "mean_C2": null,
  "reverse_init": "stationary",
  "correction": "a_correction",
  "n_paths": 25000,
  "n_epochs": 5000,
  "batch_size": 4096,
  "n_steps_per_unit": 250,
  "n_steps_rev": 1000,
  "n_times": 12,
  "sim_seconds": 2.9007896799594164,
  "teacher_seconds": 0.0027320757508277893,
  "forward_seconds": 2.903521755710244,
  "train_seconds": 812.8103467151523,
  "reverse_seconds": 294.3454803414643,
  "eval_seconds": 1.8405203782022,
  "total_seconds": 1112.4599036294967
}