{
  "nan_rate": 0.0,
  "n_samples": 20000,
  "mmd_rbf": 0.008789122104644775,
  "sliced_wasserstein": 1.2497667474613205,
  "mode_coverage": {
    "n_covered": 8,
    "n_modes": 8,
    "coverage_fraction": 1.0,
    "min_proportion": 0.107,
    "max_proportion": 0.15625,
    "mean_nearest_dist": 0.45273691415786743
  },
  "reverse_init": "stationary"
}