{
  "mode_coverage": {
    "n_covered": 8,
    "n_modes": 8,
    "coverage_fraction": 1.0,
    "min_proportion": 0.1212,
    "max_proportion": 0.1304,
    "proportions": [
      0.1304,
      0.12436666666666667,
      0.12646666666666667,
      0.12213333333333333,
      0.1212,
      0.12266666666666666,
      0.1247,
      0.12806666666666666
    ]
  },
  "nearest_mode_dist": {
    "mean": 0.4616585075855255,
    "std": 0.23608654737472534,
    "median": 0.43930578231811523
  },
  "mmd_rbf": 0.0020991908794117387,
  "sliced_wasserstein": 0.14778270533366938,
  "nan_rate": 0.0,
  "n_samples": 30000
}