{
  "mode_coverage": {
    "n_covered": 8,
    "n_modes": 8,
    "coverage_fraction": 1.0,
    "min_proportion": 0.11973333333333333,
    "max_proportion": 0.1328,
    "proportions": [
      0.123,
      0.11973333333333333,
      0.12493333333333333,
      0.12253333333333333,
      0.124,
      0.12616666666666668,
      0.1328,
      0.12683333333333333
    ]
  },
  "nearest_mode_dist": {
    "mean": 0.47678685188293457,
    "std": 0.2428247183561325,
    "median": 0.4537552297115326
  },
  "mmd_rbf": 0.0026873077646107357,
  "sliced_wasserstein": 0.15536504461188375,
  "nan_rate": 0.0,
  "n_samples": 30000
}