{
  "nan_rate": 0.0,
  "n_samples": 20000,
  "mmd_rbf": 0.0017572343349456787,
  "sliced_wasserstein": 1.6802838406105602,
  "reverse_init": "stationary"
}