{
  "nan_rate": 0.0,
  "n_samples": 20000,
  "mmd_rbf": -0.00014394521713256836,
  "sliced_wasserstein": 1.711978295757102,
  "var_S": null,
  "var_D": null,
  "var_delta": null,
  "var_H": 0.547122061252594,
  "mean_H_norm": 0.9606237411499023,
  "var_H_norm": 0.17144688963890076,
  "mean_A2": null,
  "mean_B2": null,
  "mean_C2": null,
  "reverse_init": "stationary",
  "correction": "approx",
  "n_paths": 25000,
  "n_epochs": 5000,
  "batch_size": 4096,
  "n_steps_per_unit": 250,
  "n_steps_rev": 1000,
  "n_times": 12,
  "sim_seconds": 3.3324448000639677,
  "teacher_seconds": 0.3995045833289623,
  "forward_seconds": 3.73194938339293,
  "train_seconds": 815.0158581603318,
  "reverse_seconds": 297.3161185923964,
  "eval_seconds": 2.1044864673167467,
  "total_seconds": 1120.209711972624
}