{
  "nan_rate": 0.0,
  "n_samples": 20000,
  "mmd_rbf": 0.0009909272193908691,
  "sliced_wasserstein": 1.292717852027613,
  "mode_coverage": {
    "n_covered": 8,
    "n_modes": 8,
    "coverage_fraction": 1.0,
    "min_proportion": 0.1197,
    "max_proportion": 0.13325,
    "mean_nearest_dist": 0.2848678529262543
  },
  "reverse_init": "stationary"
}