{
  "mode_coverage": {
    "n_covered": 8,
    "n_modes": 8,
    "coverage_fraction": 1.0,
    "min_proportion": 0.12133333333333333,
    "max_proportion": 0.1315,
    "proportions": [
      0.12736666666666666,
      0.12133333333333333,
      0.12743333333333334,
      0.12446666666666667,
      0.12313333333333333,
      0.1315,
      0.12206666666666667,
      0.1227
    ]
  },
  "nearest_mode_dist": {
    "mean": 0.4654861390590668,
    "std": 0.23901712894439697,
    "median": 0.4416247010231018
  },
  "mmd_rbf": 0.0022378090447423005,
  "sliced_wasserstein": 0.14611789343887885,
  "nan_rate": 0.0,
  "n_samples": 30000
}