{
  "nan_rate": 0.0,
  "n_samples": 20000,
  "mmd_rbf": 0.003231436014175415,
  "sliced_wasserstein": 1.0019620047271807,
  "reverse_init": "stationary"
}