{
  "mode_coverage": {
    "n_covered": 8,
    "n_modes": 8,
    "coverage_fraction": 1.0,
    "min_proportion": 0.11753333333333334,
    "max_proportion": 0.13056666666666666,
    "proportions": [
      0.12873333333333334,
      0.11753333333333334,
      0.12043333333333334,
      0.1277,
      0.13056666666666666,
      0.12593333333333334,
      0.12753333333333333,
      0.12156666666666667
    ]
  },
  "nearest_mode_dist": {
    "mean": 0.4685063064098358,
    "std": 0.24274618923664093,
    "median": 0.44294917583465576
  },
  "mmd_rbf": 0.003106935216602047,
  "sliced_wasserstein": 0.1511489370630822,
  "nan_rate": 0.0,
  "n_samples": 30000
}