{
  "nan_rate": 0.0,
  "n_samples": 20000,
  "mmd_rbf": 0.037543341517448425,
  "sliced_wasserstein": 1.7601780115565222,
  "reverse_init": "stationary"
}