{
  "nan_rate": 0.0,
  "n_samples": 20000,
  "mmd_rbf": 0.0032931268215179443,
  "sliced_wasserstein": 1.6051283412893855,
  "var_S": 0.547122061252594,
  "var_D": 3.7786219120025635,
  "var_delta": 5.814195156097412,
  "var_H": 5.814195156097412,
  "mean_H_norm": 2.923253297805786,
  "var_H_norm": 3.0830793380737305,
  "mean_A2": 0.09810992963984609,
  "mean_B2": 0.03847298694994607,
  "mean_C2": 0.3919843683820218,
  "reverse_init": "stationary",
  "correction": "mirafzali_full",
  "n_paths": 25000,
  "n_epochs": 5000,
  "batch_size": 4096,
  "n_steps_per_unit": 250,
  "n_steps_rev": 1000,
  "n_times": 12,
  "sim_seconds": 2.950459536164999,
  "teacher_seconds": 0.0027675163000822067,
  "forward_seconds": 2.953227052465081,
  "train_seconds": 824.3440112043172,
  "reverse_seconds": 298.0608584545553,
  "eval_seconds": 2.0134598035365343,
  "total_seconds": 1127.930137693882
}