{
  "nan_rate": 0.0,
  "n_samples": 20000,
  "mmd_rbf": 0.0002753138542175293,
  "sliced_wasserstein": 1.7032565646244988,
  "reverse_init": "stationary",
  "residual_alpha": 1.0,
  "nw_bandwidth_scale": 1.0,
  "residual_knn_k": 1024,
  "residual_knn_bandwidth_scale": 0.5,
  "var_H": 2.9670767784118652,
  "var_residual": 1.7273606061935425,
  "mean_residual_norm": 1.2601728439331055
}