{
  "mode_coverage": {
    "n_covered": 8,
    "n_modes": 8,
    "coverage_fraction": 1.0,
    "min_proportion": 0.11346666666666666,
    "max_proportion": 0.13133333333333333,
    "proportions": [
      0.1311,
      0.12833333333333333,
      0.11346666666666666,
      0.1206,
      0.13133333333333333,
      0.12513333333333335,
      0.11906666666666667,
      0.13096666666666668
    ]
  },
  "nearest_mode_dist": {
    "mean": 0.43969395756721497,
    "std": 0.22858396172523499,
    "median": 0.4148831069469452
  },
  "mmd_rbf": 0.0021928627002989476,
  "sliced_wasserstein": 0.14092693886840363,
  "nan_rate": 0.0,
  "n_samples": 30000
}