{
  "nan_rate": 0.0,
  "n_samples": 20000,
  "mmd_rbf": 0.0003466010093688965,
  "sliced_wasserstein": 1.7147817754448824,
  "reverse_init": "stationary"
}