{
  "nan_rate": 0.0,
  "n_samples": 20000,
  "mmd_rbf": 0.03764191269874573,
  "sliced_wasserstein": 1.8402908316131188,
  "reverse_init": "stationary"
}