{
  "nan_rate": 0.0,
  "n_samples": 20000,
  "mmd_rbf": 0.047976791858673096,
  "sliced_wasserstein": 1.5235496333009224,
  "reverse_init": "stationary"
}