{
  "mode_coverage": {
    "n_covered": 8,
    "n_modes": 8,
    "coverage_fraction": 1.0,
    "min_proportion": 0.11403333333333333,
    "max_proportion": 0.13693333333333332,
    "proportions": [
      0.12333333333333334,
      0.13693333333333332,
      0.1315,
      0.12753333333333333,
      0.11403333333333333,
      0.12506666666666666,
      0.1193,
      0.1223
    ]
  },
  "nearest_mode_dist": {
    "mean": 0.44287315011024475,
    "std": 0.22851847112178802,
    "median": 0.417328417301178
  },
  "mmd_rbf": 0.00254966507323634,
  "sliced_wasserstein": 0.1475930842204173,
  "nan_rate": 0.0,
  "n_samples": 30000
}