{
  "mode_coverage": {
    "n_covered": 8,
    "n_modes": 8,
    "coverage_fraction": 1.0,
    "min_proportion": 0.11366666666666667,
    "max_proportion": 0.13236666666666666,
    "proportions": [
      0.1296,
      0.12896666666666667,
      0.13236666666666666,
      0.12796666666666667,
      0.12613333333333332,
      0.1251,
      0.11366666666666667,
      0.1162
    ]
  },
  "nearest_mode_dist": {
    "mean": 0.4479113817214966,
    "std": 0.22867105901241302,
    "median": 0.425933301448822
  },
  "mmd_rbf": 0.0025082458011074227,
  "sliced_wasserstein": 0.145380502424021,
  "nan_rate": 0.0,
  "n_samples": 30000
}