{
  "nan_rate": 0.0,
  "n_samples": 20000,
  "mmd_rbf": 0.003382265567779541,
  "sliced_wasserstein": 1.6824218454344482,
  "reverse_init": "stationary",
  "var_H": 2.97749662399292,
  "var_residual": 1.6466823816299438,
  "mean_residual_norm": 1.2319663763046265
}