{
  "nan_rate": 0.0,
  "n_samples": 20000,
  "mmd_rbf": 0.00031253695487976074,
  "sliced_wasserstein": 1.2863429258634236,
  "mode_coverage": {
    "n_covered": 8,
    "n_modes": 8,
    "coverage_fraction": 1.0,
    "min_proportion": 0.1152,
    "max_proportion": 0.1377,
    "mean_nearest_dist": 0.28427278995513916
  },
  "reverse_init": "stationary"
}