{
  "mode_coverage": {
    "n_covered": 8,
    "n_modes": 8,
    "coverage_fraction": 1.0,
    "min_proportion": 0.12223333333333333,
    "max_proportion": 0.12933333333333333,
    "proportions": [
      0.1277,
      0.12223333333333333,
      0.125,
      0.12476666666666666,
      0.1248,
      0.12933333333333333,
      0.1224,
      0.12376666666666666
    ]
  },
  "nearest_mode_dist": {
    "mean": 0.4562276601791382,
    "std": 0.23341357707977295,
    "median": 0.43232643604278564
  },
  "mmd_rbf": 0.002093279516131308,
  "sliced_wasserstein": 0.1427153094456672,
  "nan_rate": 0.0,
  "n_samples": 30000
}