{
  "a_correction_lowt_stationary": {
    "n_paired_seeds": 5,
    "mean_relative_mmd_improvement": -7.464454028346704,
    "mean_relative_sw_improvement": -0.017245912658412105,
    "mmd_ttest_pvalue": 0.013111372305587888,
    "sw_ttest_pvalue": 0.0014673435134068377,
    "scipy_available": true
  },
  "full_lowt_stationary": {
    "n_paired_seeds": 5,
    "mean_relative_mmd_improvement": -10.62027411287305,
    "mean_relative_sw_improvement": 0.05538062576685092,
    "mmd_ttest_pvalue": 0.005248028366727746,
    "sw_ttest_pvalue": 8.566236847619939e-06,
    "scipy_available": true
  }
}