{
  "mode_coverage": {
    "n_covered": 8,
    "n_modes": 8,
    "coverage_fraction": 1.0,
    "min_proportion": 0.12096666666666667,
    "max_proportion": 0.1282,
    "proportions": [
      0.12346666666666667,
      0.12096666666666667,
      0.12326666666666666,
      0.1259,
      0.12746666666666667,
      0.1282,
      0.1267,
      0.12403333333333333
    ]
  },
  "nearest_mode_dist": {
    "mean": 0.4489002525806427,
    "std": 0.23117108643054962,
    "median": 0.4248804450035095
  },
  "mmd_rbf": 0.002308641565672065,
  "sliced_wasserstein": 0.14367583072853315,
  "nan_rate": 0.0,
  "n_samples": 30000
}