{
  "mode_coverage": {
    "n_covered": 8,
    "n_modes": 8,
    "coverage_fraction": 1.0,
    "min_proportion": 0.1213,
    "max_proportion": 0.12753333333333333,
    "proportions": [
      0.1262,
      0.12753333333333333,
      0.12626666666666667,
      0.12526666666666667,
      0.1213,
      0.12496666666666667,
      0.12513333333333335,
      0.12333333333333334
    ]
  },
  "nearest_mode_dist": {
    "mean": 0.46419236063957214,
    "std": 0.23825637996196747,
    "median": 0.44051241874694824
  },
  "mmd_rbf": 0.0022956149851555696,
  "sliced_wasserstein": 0.14706307596193255,
  "nan_rate": 0.0,
  "n_samples": 30000
}