{
  "nan_rate": 0.0,
  "n_samples": 20000,
  "mmd_rbf": 0.0015704929828643799,
  "sliced_wasserstein": 1.0277156576146749,
  "reverse_init": "stationary"
}