{
  "nan_rate": 0.0,
  "n_samples": 20000,
  "mmd_rbf": 0.001570373773574829,
  "sliced_wasserstein": 1.0277160197177941,
  "reverse_init": "stationary"
}