{
  "mode_coverage": {
    "n_covered": 8,
    "n_modes": 8,
    "coverage_fraction": 1.0,
    "min_proportion": 0.12056666666666667,
    "max_proportion": 0.1303,
    "proportions": [
      0.12353333333333333,
      0.12446666666666667,
      0.12546666666666667,
      0.1259,
      0.1303,
      0.12733333333333333,
      0.12243333333333334,
      0.12056666666666667
    ]
  },
  "nearest_mode_dist": {
    "mean": 0.446860134601593,
    "std": 0.23010464012622833,
    "median": 0.4224966764450073
  },
  "mmd_rbf": 0.0019231125409684413,
  "sliced_wasserstein": 0.14439319459585767,
  "nan_rate": 0.0,
  "n_samples": 30000
}