{
  "nan_rate": 0.0,
  "n_samples": 20000,
  "mmd_rbf": 0.001894444227218628,
  "sliced_wasserstein": 1.288187344440193,
  "mode_coverage": {
    "n_covered": 8,
    "n_modes": 8,
    "coverage_fraction": 1.0,
    "min_proportion": 0.09965,
    "max_proportion": 0.14415,
    "mean_nearest_dist": 0.370892733335495
  },
  "reverse_init": "stationary"
}