{
  "mode_coverage": {
    "n_covered": 8,
    "n_modes": 8,
    "coverage_fraction": 1.0,
    "min_proportion": 0.12176666666666666,
    "max_proportion": 0.1303,
    "proportions": [
      0.12563333333333335,
      0.1237,
      0.12176666666666666,
      0.12176666666666666,
      0.12683333333333333,
      0.1303,
      0.12626666666666667,
      0.12373333333333333
    ]
  },
  "nearest_mode_dist": {
    "mean": 0.4489606022834778,
    "std": 0.23211659491062164,
    "median": 0.42463457584381104
  },
  "mmd_rbf": 0.002003243355058082,
  "sliced_wasserstein": 0.1441354116769695,
  "nan_rate": 0.0,
  "n_samples": 30000
}