{
  "nan_rate": 0.0,
  "n_samples": 20000,
  "mmd_rbf": 0.001695483922958374,
  "sliced_wasserstein": 1.712970423077211,
  "reverse_init": "stationary"
}