{
  "nan_rate": 0.0,
  "n_samples": 20000,
  "mmd_rbf": -0.00014394521713256836,
  "sliced_wasserstein": 1.711978295757102,
  "reverse_init": "stationary"
}