{
  "nan_rate": 0.0,
  "n_samples": 20000,
  "mmd_rbf": -0.00014394521713256836,
  "sliced_wasserstein": 1.711978295757102,
  "reverse_init": "stationary",
  "correction": "approx",
  "n_paths": 25000,
  "n_epochs": 5000,
  "batch_size": 4096,
  "n_steps_per_unit": 250,
  "n_steps_rev": 1000,
  "n_times": 12,
  "sim_seconds": 3.095440963283181,
  "teacher_seconds": 0.4522431716322899,
  "forward_seconds": 3.547684134915471,
  "train_seconds": 811.84111549519,
  "reverse_seconds": 298.4381890408695,
  "eval_seconds": 0.9046436324715614,
  "total_seconds": 1116.7975218277425
}