{
  "mode_coverage": {
    "n_covered": 8,
    "n_modes": 8,
    "coverage_fraction": 1.0,
    "min_proportion": 0.12203333333333333,
    "max_proportion": 0.1296,
    "proportions": [
      0.1255,
      0.1222,
      0.12363333333333333,
      0.1242,
      0.12203333333333333,
      0.12626666666666667,
      0.1296,
      0.12656666666666666
    ]
  },
  "nearest_mode_dist": {
    "mean": 0.4544757306575775,
    "std": 0.23437312245368958,
    "median": 0.4293229877948761
  },
  "mmd_rbf": 0.002575429705912069,
  "sliced_wasserstein": 0.1457892867191618,
  "nan_rate": 0.0,
  "n_samples": 30000
}