{
  "mode_coverage": {
    "n_covered": 8,
    "n_modes": 8,
    "coverage_fraction": 1.0,
    "min_proportion": 0.11583333333333333,
    "max_proportion": 0.1333,
    "proportions": [
      0.1219,
      0.12676666666666667,
      0.13176666666666667,
      0.1333,
      0.1289,
      0.11583333333333333,
      0.12323333333333333,
      0.1183
    ]
  },
  "nearest_mode_dist": {
    "mean": 0.4638918936252594,
    "std": 0.23995429277420044,
    "median": 0.4400610625743866
  },
  "mmd_rbf": 0.0027379139982964262,
  "sliced_wasserstein": 0.15080023156576033,
  "nan_rate": 0.0,
  "n_samples": 30000
}