{
  "mode_coverage": {
    "n_covered": 8,
    "n_modes": 8,
    "coverage_fraction": 1.0,
    "min_proportion": 0.12136666666666666,
    "max_proportion": 0.1286,
    "proportions": [
      0.1286,
      0.12136666666666666,
      0.12426666666666666,
      0.12273333333333333,
      0.12613333333333332,
      0.12403333333333333,
      0.1251,
      0.12776666666666667
    ]
  },
  "nearest_mode_dist": {
    "mean": 0.44518041610717773,
    "std": 0.23055407404899597,
    "median": 0.42039522528648376
  },
  "mmd_rbf": 0.0028539124010353856,
  "sliced_wasserstein": 0.1421891142481725,
  "nan_rate": 0.0,
  "n_samples": 30000
}