{
  "nan_rate": 0.0,
  "n_samples": 20000,
  "mmd_rbf": 0.001182854175567627,
  "sliced_wasserstein": 1.7575435443100806,
  "reverse_init": "stationary"
}