{
  "nan_rate": 0.0,
  "n_samples": 20000,
  "mmd_rbf": 0.0032233893871307373,
  "sliced_wasserstein": 1.7092027708110025,
  "reverse_init": "stationary",
  "residual_alpha": 1.0,
  "nw_bandwidth_scale": 1.0,
  "residual_knn_k": 128,
  "residual_knn_bandwidth_scale": 0.5,
  "var_H": 3.0043485164642334,
  "var_residual": 1.72516930103302,
  "mean_residual_norm": 1.2554535865783691
}