{
  "nan_rate": 0.0,
  "n_samples": 20000,
  "mmd_rbf": 0.0012049078941345215,
  "sliced_wasserstein": 1.2864163995958209,
  "mode_coverage": {
    "n_covered": 8,
    "n_modes": 8,
    "coverage_fraction": 1.0,
    "min_proportion": 0.1158,
    "max_proportion": 0.13195,
    "mean_nearest_dist": 0.2820529341697693
  },
  "reverse_init": "stationary",
  "residual_alpha": 1.0,
  "nw_bandwidth_scale": 1.0,
  "residual_knn_k": 256,
  "residual_knn_bandwidth_scale": 1.0,
  "var_H": 2.9987759590148926,
  "var_residual": 0.7799472808837891,
  "mean_residual_norm": 0.8556226491928101
}