{
  "nan_rate": 0.0,
  "n_samples": 20000,
  "mmd_rbf": 0.00043004751205444336,
  "sliced_wasserstein": 1.2932104733971284,
  "mode_coverage": {
    "n_covered": 8,
    "n_modes": 8,
    "coverage_fraction": 1.0,
    "min_proportion": 0.11955,
    "max_proportion": 0.13305,
    "mean_nearest_dist": 0.28638091683387756
  },
  "reverse_init": "stationary",
  "residual_alpha": 1.0,
  "nw_bandwidth_scale": 1.0,
  "residual_knn_k": 256,
  "residual_knn_bandwidth_scale": 1.0,
  "var_H": 3.038945198059082,
  "var_residual": 0.836665153503418,
  "mean_residual_norm": 0.8717871308326721
}