{
  "mode_coverage": {
    "n_covered": 8,
    "n_modes": 8,
    "coverage_fraction": 1.0,
    "min_proportion": 0.1216,
    "max_proportion": 0.13036666666666666,
    "proportions": [
      0.12506666666666666,
      0.1216,
      0.1242,
      0.1234,
      0.12573333333333334,
      0.12576666666666667,
      0.13036666666666666,
      0.12386666666666667
    ]
  },
  "nearest_mode_dist": {
    "mean": 0.4793474078178406,
    "std": 0.25104859471321106,
    "median": 0.4523589611053467
  },
  "mmd_rbf": 0.0024881473121923237,
  "sliced_wasserstein": 0.15312561859696144,
  "nan_rate": 0.0,
  "n_samples": 30000
}