{
  "mode_coverage": {
    "n_covered": 8,
    "n_modes": 8,
    "coverage_fraction": 1.0,
    "min_proportion": 0.12276666666666666,
    "max_proportion": 0.12783333333333333,
    "proportions": [
      0.12783333333333333,
      0.1228,
      0.1273,
      0.12496666666666667,
      0.1277,
      0.1229,
      0.12373333333333333,
      0.12276666666666666
    ]
  },
  "nearest_mode_dist": {
    "mean": 0.4480139911174774,
    "std": 0.23125649988651276,
    "median": 0.4230262041091919
  },
  "mmd_rbf": 0.0022009212419698554,
  "sliced_wasserstein": 0.1416278783016911,
  "nan_rate": 0.0,
  "n_samples": 30000
}