{
  "nan_rate": 0.0,
  "n_samples": 20000,
  "mmd_rbf": 0.010081812739372253,
  "sliced_wasserstein": 2.6113320502730892,
  "reverse_init": "stationary"
}