{
  "nan_rate": 0.0,
  "n_samples": 20000,
  "mmd_rbf": 0.00023764371871948242,
  "sliced_wasserstein": 1.8244154186726922,
  "reverse_init": "stationary",
  "residual_alpha": 1.0,
  "nw_bandwidth_scale": 1.0,
  "residual_knn_k": 256,
  "residual_knn_bandwidth_scale": 1.0,
  "var_H": 2.9689364433288574,
  "var_residual": 1.7118337154388428,
  "mean_residual_norm": 1.2540369033813477
}