{
  "nan_rate": 0.0,
  "n_samples": 20000,
  "mmd_rbf": 0.07364210486412048,
  "sliced_wasserstein": 2.0231942647018895,
  "mode_coverage": {
    "n_covered": 8,
    "n_modes": 8,
    "coverage_fraction": 1.0,
    "min_proportion": 0.1213,
    "max_proportion": 0.1289,
    "mean_nearest_dist": 1.6806637048721313
  }
}