{
  "nan_rate": 0.0,
  "n_samples": 20000,
  "mmd_rbf": 0.0005532503128051758,
  "sliced_wasserstein": 1.269145198961968,
  "mode_coverage": {
    "n_covered": 8,
    "n_modes": 8,
    "coverage_fraction": 1.0,
    "min_proportion": 0.11205,
    "max_proportion": 0.13485,
    "mean_nearest_dist": 0.23345395922660828
  },
  "reverse_init": "forward_terminal"
}