{
  "nan_rate": 0.0,
  "n_samples": 20000,
  "mmd_rbf": 0.00030687451362609863,
  "sliced_wasserstein": 1.2929396123351966,
  "mode_coverage": {
    "n_covered": 8,
    "n_modes": 8,
    "coverage_fraction": 1.0,
    "min_proportion": 0.11915,
    "max_proportion": 0.13125,
    "mean_nearest_dist": 0.2856675982475281
  },
  "reverse_init": "stationary",
  "residual_alpha": 1.0,
  "nw_bandwidth_scale": 1.0,
  "residual_knn_k": 128,
  "residual_knn_bandwidth_scale": 0.5,
  "var_H": 3.038945198059082,
  "var_residual": 0.836665153503418,
  "mean_residual_norm": 0.8717871308326721
}