{
  "nan_rate": 0.0,
  "n_samples": 20000,
  "mmd_rbf": 0.0005450844764709473,
  "sliced_wasserstein": 1.7131730738201612,
  "reverse_init": "stationary",
  "correction": "approx",
  "n_paths": 25000,
  "n_epochs": 5000,
  "batch_size": 4096,
  "n_steps_per_unit": 250,
  "n_steps_rev": 1000,
  "n_times": 12,
  "sim_seconds": 3.1160193253308535,
  "teacher_seconds": 0.09191660396754742,
  "forward_seconds": 3.207935929298401,
  "train_seconds": 830.5796556267887,
  "reverse_seconds": 298.51802301965654,
  "eval_seconds": 0.8675796892493963,
  "total_seconds": 1134.0849161911756
}