{
  "nan_rate": 0.0,
  "n_samples": 20000,
  "mmd_rbf": 0.0029019415378570557,
  "sliced_wasserstein": 1.6045068786895536,
  "reverse_init": "forward_terminal"
}