{
  "nan_rate": 0.0,
  "n_samples": 20000,
  "mmd_rbf": 0.00024119019508361816,
  "sliced_wasserstein": 1.2858327684331434,
  "mode_coverage": {
    "n_covered": 8,
    "n_modes": 8,
    "coverage_fraction": 1.0,
    "min_proportion": 0.1175,
    "max_proportion": 0.1419,
    "mean_nearest_dist": 0.2844583988189697
  },
  "reverse_init": "stationary",
  "residual_alpha": 1.0,
  "nw_bandwidth_scale": 1.0,
  "residual_knn_k": 1024,
  "residual_knn_bandwidth_scale": 0.5,
  "var_H": 3.0213229656219482,
  "var_residual": 0.7821798920631409,
  "mean_residual_norm": 0.8545035719871521
}