{
  "mode_coverage": {
    "n_covered": 8,
    "n_modes": 8,
    "coverage_fraction": 1.0,
    "min_proportion": 0.1175,
    "max_proportion": 0.1304,
    "proportions": [
      0.1259,
      0.126,
      0.12803333333333333,
      0.124,
      0.1247,
      0.1175,
      0.1304,
      0.12346666666666667
    ]
  },
  "nearest_mode_dist": {
    "mean": 0.46335357427597046,
    "std": 0.2360597401857376,
    "median": 0.4414435029029846
  },
  "mmd_rbf": 0.002252969222675205,
  "sliced_wasserstein": 0.1462603848808695,
  "nan_rate": 0.0,
  "n_samples": 30000
}