{
  "nw_h0.05": {
    "config": {
      "family": "nw",
      "bandwidth": 0.05,
      "k": null,
      "bandwidth_scale": 1.0
    },
    "metrics": {
      "mode_coverage": {
        "n_covered": 8,
        "n_modes": 8,
        "coverage_fraction": 1.0,
        "min_proportion": 0.12016666666666667,
        "max_proportion": 0.13016666666666668,
        "proportions": [
          0.1228,
          0.12016666666666667,
          0.12286666666666667,
          0.1265,
          0.1257,
          0.13016666666666668,
          0.12893333333333334,
          0.12286666666666667
        ]
      },
      "nearest_mode_dist": {
        "mean": 0.45095962285995483,
        "std": 0.23221749067306519,
        "median": 0.427707314491272
      },
      "mmd_rbf": 0.002617843500966499,
      "sliced_wasserstein": 0.14692493784845526,
      "nan_rate": 0.0,
      "n_samples": 30000
    }
  },
  "nw_h0.08": {
    "config": {
      "family": "nw",
      "bandwidth": 0.08,
      "k": null,
      "bandwidth_scale": 1.0
    },
    "metrics": {
      "mode_coverage": {
        "n_covered": 8,
        "n_modes": 8,
        "coverage_fraction": 1.0,
        "min_proportion": 0.1197,
        "max_proportion": 0.12883333333333333,
        "proportions": [
          0.1267,
          0.12456666666666667,
          0.125,
          0.1197,
          0.12656666666666666,
          0.123,
          0.12563333333333335,
          0.12883333333333333
        ]
      },
      "nearest_mode_dist": {
        "mean": 0.46359750628471375,
        "std": 0.2359224408864975,
        "median": 0.441439151763916
      },
      "mmd_rbf": 0.0021230142406672425,
      "sliced_wasserstein": 0.14839455621119307,
      "nan_rate": 0.0,
      "n_samples": 30000
    }
  },
  "nw_h0.12": {
    "config": {
      "family": "nw",
      "bandwidth": 0.12,
      "k": null,
      "bandwidth_scale": 1.0
    },
    "metrics": {
      "mode_coverage": {
        "n_covered": 8,
        "n_modes": 8,
        "coverage_fraction": 1.0,
        "min_proportion": 0.11973333333333333,
        "max_proportion": 0.1328,
        "proportions": [
          0.123,
          0.11973333333333333,
          0.12493333333333333,
          0.12253333333333333,
          0.124,
          0.12616666666666668,
          0.1328,
          0.12683333333333333
        ]
      },
      "nearest_mode_dist": {
        "mean": 0.47678685188293457,
        "std": 0.2428247183561325,
        "median": 0.4537552297115326
      },
      "mmd_rbf": 0.0026873077646107357,
      "sliced_wasserstein": 0.15536504461188375,
      "nan_rate": 0.0,
      "n_samples": 30000
    }
  },
  "nw_h0.18": {
    "config": {
      "family": "nw",
      "bandwidth": 0.18,
      "k": null,
      "bandwidth_scale": 1.0
    },
    "metrics": {
      "mode_coverage": {
        "n_covered": 8,
        "n_modes": 8,
        "coverage_fraction": 1.0,
        "min_proportion": 0.12086666666666666,
        "max_proportion": 0.13066666666666665,
        "proportions": [
          0.1266,
          0.12086666666666666,
          0.1234,
          0.12206666666666667,
          0.1245,
          0.1238,
          0.1281,
          0.13066666666666665
        ]
      },
      "nearest_mode_dist": {
        "mean": 0.5129793882369995,
        "std": 0.2585981786251068,
        "median": 0.49191027879714966
      },
      "mmd_rbf": 0.0036534002564654333,
      "sliced_wasserstein": 0.16609652659479185,
      "nan_rate": 0.0,
      "n_samples": 30000
    }
  },
  "nw_h0.25": {
    "config": {
      "family": "nw",
      "bandwidth": 0.25,
      "k": null,
      "bandwidth_scale": 1.0
    },
    "metrics": {
      "mode_coverage": {
        "n_covered": 8,
        "n_modes": 8,
        "coverage_fraction": 1.0,
        "min_proportion": 0.12186666666666666,
        "max_proportion": 0.1294,
        "proportions": [
          0.12613333333333332,
          0.12186666666666666,
          0.122,
          0.1294,
          0.12653333333333333,
          0.12326666666666666,
          0.1251,
          0.1257
        ]
      },
      "nearest_mode_dist": {
        "mean": 0.5542378425598145,
        "std": 0.2764856517314911,
        "median": 0.5337579250335693
      },
      "mmd_rbf": 0.00435757306521678,
      "sliced_wasserstein": 0.17863449230917974,
      "nan_rate": 0.0,
      "n_samples": 30000
    }
  },
  "knn_k64_s0.50": {
    "config": {
      "family": "knn_nw",
      "bandwidth": null,
      "k": 64,
      "bandwidth_scale": 0.5
    },
    "metrics": {
      "mode_coverage": {
        "n_covered": 8,
        "n_modes": 8,
        "coverage_fraction": 1.0,
        "min_proportion": 0.12136666666666666,
        "max_proportion": 0.1286,
        "proportions": [
          0.1286,
          0.12136666666666666,
          0.12426666666666666,
          0.12273333333333333,
          0.12613333333333332,
          0.12403333333333333,
          0.1251,
          0.12776666666666667
        ]
      },
      "nearest_mode_dist": {
        "mean": 0.44518041610717773,
        "std": 0.23055407404899597,
        "median": 0.42039522528648376
      },
      "mmd_rbf": 0.0028539124010353856,
      "sliced_wasserstein": 0.1421891142481725,
      "nan_rate": 0.0,
      "n_samples": 30000
    }
  },
  "knn_k64_s0.75": {
    "config": {
      "family": "knn_nw",
      "bandwidth": null,
      "k": 64,
      "bandwidth_scale": 0.75
    },
    "metrics": {
      "mode_coverage": {
        "n_covered": 8,
        "n_modes": 8,
        "coverage_fraction": 1.0,
        "min_proportion": 0.11836666666666666,
        "max_proportion": 0.13176666666666667,
        "proportions": [
          0.13176666666666667,
          0.1297,
          0.1224,
          0.11836666666666666,
          0.12486666666666667,
          0.12396666666666667,
          0.12473333333333333,
          0.1242
        ]
      },
      "nearest_mode_dist": {
        "mean": 0.4514946937561035,
        "std": 0.23080959916114807,
        "median": 0.42921799421310425
      },
      "mmd_rbf": 0.002300143898254059,
      "sliced_wasserstein": 0.1456763380985641,
      "nan_rate": 0.0,
      "n_samples": 30000
    }
  },
  "knn_k64_s1.00": {
    "config": {
      "family": "knn_nw",
      "bandwidth": null,
      "k": 64,
      "bandwidth_scale": 1.0
    },
    "metrics": {
      "mode_coverage": {
        "n_covered": 8,
        "n_modes": 8,
        "coverage_fraction": 1.0,
        "min_proportion": 0.12276666666666666,
        "max_proportion": 0.12783333333333333,
        "proportions": [
          0.12783333333333333,
          0.1228,
          0.1273,
          0.12496666666666667,
          0.1277,
          0.1229,
          0.12373333333333333,
          0.12276666666666666
        ]
      },
      "nearest_mode_dist": {
        "mean": 0.4480139911174774,
        "std": 0.23125649988651276,
        "median": 0.4230262041091919
      },
      "mmd_rbf": 0.0022009212419698554,
      "sliced_wasserstein": 0.1416278783016911,
      "nan_rate": 0.0,
      "n_samples": 30000
    }
  },
  "knn_k128_s0.50": {
    "config": {
      "family": "knn_nw",
      "bandwidth": null,
      "k": 128,
      "bandwidth_scale": 0.5
    },
    "metrics": {
      "mode_coverage": {
        "n_covered": 8,
        "n_modes": 8,
        "coverage_fraction": 1.0,
        "min_proportion": 0.1214,
        "max_proportion": 0.12903333333333333,
        "proportions": [
          0.1271,
          0.1214,
          0.12483333333333334,
          0.12206666666666667,
          0.1227,
          0.12903333333333333,
          0.1266,
          0.12626666666666667
        ]
      },
      "nearest_mode_dist": {
        "mean": 0.4461944103240967,
        "std": 0.2294573187828064,
        "median": 0.4225504696369171
      },
      "mmd_rbf": 0.00229691839643692,
      "sliced_wasserstein": 0.1424310356317409,
      "nan_rate": 0.0,
      "n_samples": 30000
    }
  },