{
  "nan_rate": 0.0,
  "n_samples": 20000,
  "mmd_rbf": 0.03924565017223358,
  "sliced_wasserstein": 1.840107331928738,
  "reverse_init": "stationary"
}