{
  "nan_rate": 0.0,
  "n_samples": 20000,
  "mmd_rbf": 0.0009274482727050781,
  "sliced_wasserstein": 1.7080579381165584,
  "var_S": null,
  "var_D": null,
  "var_delta": null,
  "var_H": 0.5422348976135254,
  "mean_H_norm": 0.9573196768760681,
  "var_H_norm": 0.168013334274292,
  "mean_A2": null,
  "mean_B2": null,
  "mean_C2": null,
  "reverse_init": "stationary",
  "correction": "approx",
  "n_paths": 25000,
  "n_epochs": 5000,
  "batch_size": 4096,
  "n_steps_per_unit": 250,
  "n_steps_rev": 1000,
  "n_times": 12,
  "sim_seconds": 3.0036765970289707,
  "teacher_seconds": 0.09186993911862373,
  "forward_seconds": 3.0955465361475945,
  "train_seconds": 820.0139828212559,
  "reverse_seconds": 297.0624029263854,
  "eval_seconds": 2.0115110017359257,
  "total_seconds": 1123.3689495958388
}