{
  "nan_rate": 0.0,
  "n_samples": 20000,
  "mmd_rbf": 0.0006083250045776367,
  "sliced_wasserstein": 1.3015951648048247,
  "mode_coverage": {
    "n_covered": 8,
    "n_modes": 8,
    "coverage_fraction": 1.0,
    "min_proportion": 0.10555,
    "max_proportion": 0.1508,
    "mean_nearest_dist": 0.25757288932800293
  },
  "reverse_init": "stationary"
}