{
  "nan_rate": 0.0,
  "n_samples": 20000,
  "mmd_rbf": 0.003028571605682373,
  "sliced_wasserstein": 1.5982457172586408,
  "reverse_init": "forward_terminal"
}