{
  "nan_rate": 0.0,
  "n_samples": 20000,
  "mmd_rbf": 0.001057058572769165,
  "sliced_wasserstein": 1.7070967910692454,
  "method": "mirafzali_residual_knn_nw",
  "residual_alpha": 0.75,
  "residual_knn_k": 256,
  "residual_knn_bandwidth_scale": 2.0,
  "var_H": 2.9847326278686523,
  "var_residual": 1.7127642631530762,
  "mean_residual_norm": 1.2537150382995605,
  "config_key": "mirafzali_residual_knn_nw/a0.75_k256_bw2.0"
}