{
  "nan_rate": 0.0,
  "n_samples": 20000,
  "mmd_rbf": 0.0010605454444885254,
  "sliced_wasserstein": 1.7076367373042385,
  "method": "mirafzali_residual_nw",
  "residual_alpha": 0.75,
  "nw_bandwidth_scale": 4.0,
  "var_H": 2.9847326278686523,
  "var_residual": 1.7127642631530762,
  "mean_residual_norm": 1.2537150382995605,
  "config_key": "mirafzali_residual_nw/a0.75_bw4.0"
}