{
  "nan_rate": 0.0,
  "n_samples": 20000,
  "mmd_rbf": 0.008682996034622192,
  "sliced_wasserstein": 1.7465281463492526,
  "reverse_init": "stationary"
}