{
  "nan_rate": 0.0,
  "n_samples": 20000,
  "mmd_rbf": 0.036989688873291016,
  "sliced_wasserstein": 1.7485256672601082,
  "reverse_init": "stationary"
}