{
  "mode_coverage": {
    "n_covered": 8,
    "n_modes": 8,
    "coverage_fraction": 1.0,
    "min_proportion": 0.11423333333333334,
    "max_proportion": 0.1342,
    "proportions": [
      0.1342,
      0.12976666666666667,
      0.13226666666666667,
      0.1249,
      0.12016666666666667,
      0.1215,
      0.11423333333333334,
      0.12296666666666667
    ]
  },
  "nearest_mode_dist": {
    "mean": 0.44607722759246826,
    "std": 0.22730569541454315,
    "median": 0.42394766211509705
  },
  "mmd_rbf": 0.002340082556628653,
  "sliced_wasserstein": 0.14213528254084273,
  "nan_rate": 0.0,
  "n_samples": 30000
}