{
  "nan_rate": 0.0,
  "n_samples": 20000,
  "mmd_rbf": -8.940696716308594e-05,
  "sliced_wasserstein": 1.286925025655741,
  "mode_coverage": {
    "n_covered": 8,
    "n_modes": 8,
    "coverage_fraction": 1.0,
    "min_proportion": 0.12085,
    "max_proportion": 0.1292,
    "mean_nearest_dist": 0.28288424015045166
  },
  "reverse_init": "stationary"
}