{
  "nan_rate": 0.0,
  "n_samples": 20000,
  "mmd_rbf": 0.0032931268215179443,
  "sliced_wasserstein": 1.6051283412893855,
  "reverse_init": "stationary"
}