{
  "nan_rate": 0.0,
  "n_samples": 20000,
  "mmd_rbf": 0.005315065383911133,
  "sliced_wasserstein": 1.6889068892131167,
  "reverse_init": "stationary"
}