{
  "nan_rate": 0.0,
  "n_samples": 20000,
  "mmd_rbf": 0.002881675958633423,
  "sliced_wasserstein": 1.314268505279539,
  "mode_coverage": {
    "n_covered": 8,
    "n_modes": 8,
    "coverage_fraction": 1.0,
    "min_proportion": 0.101,
    "max_proportion": 0.1572,
    "mean_nearest_dist": 0.4086473286151886
  },
  "reverse_init": "stationary"
}