{
  "mode_coverage": {
    "n_covered": 8,
    "n_modes": 8,
    "coverage_fraction": 1.0,
    "min_proportion": 0.12266666666666666,
    "max_proportion": 0.1292,
    "proportions": [
      0.1261,
      0.12286666666666667,
      0.12346666666666667,
      0.12266666666666666,
      0.12686666666666666,
      0.1292,
      0.1254,
      0.12343333333333334
    ]
  },
  "nearest_mode_dist": {
    "mean": 0.4631287753582001,
    "std": 0.23992039263248444,
    "median": 0.43888282775878906
  },
  "mmd_rbf": 0.0022110220381080237,
  "sliced_wasserstein": 0.1479082212078907,
  "nan_rate": 0.0,
  "n_samples": 30000
}