{
  "nan_rate": 0.0,
  "n_samples": 20000,
  "mmd_rbf": 0.0009354948997497559,
  "sliced_wasserstein": 1.287115655072273,
  "mode_coverage": {
    "n_covered": 8,
    "n_modes": 8,
    "coverage_fraction": 1.0,
    "min_proportion": 0.1188,
    "max_proportion": 0.1305,
    "mean_nearest_dist": 0.2820167541503906
  },
  "reverse_init": "stationary",
  "residual_alpha": 1.0,
  "nw_bandwidth_scale": 1.0,
  "residual_knn_k": 1024,
  "residual_knn_bandwidth_scale": 0.5,
  "var_H": 2.9987759590148926,
  "var_residual": 0.7799472808837891,
  "mean_residual_norm": 0.8556226491928101
}