{
  "mode_coverage": {
    "n_covered": 8,
    "n_modes": 8,
    "coverage_fraction": 1.0,
    "min_proportion": 0.1197,
    "max_proportion": 0.12883333333333333,
    "proportions": [
      0.1267,
      0.12456666666666667,
      0.125,
      0.1197,
      0.12656666666666666,
      0.123,
      0.12563333333333335,
      0.12883333333333333
    ]
  },
  "nearest_mode_dist": {
    "mean": 0.46359750628471375,
    "std": 0.2359224408864975,
    "median": 0.441439151763916
  },
  "mmd_rbf": 0.0021230142406672425,
  "sliced_wasserstein": 0.14839455621119307,
  "nan_rate": 0.0,
  "n_samples": 30000
}