{
  "mode_coverage": {
    "n_covered": 8,
    "n_modes": 8,
    "coverage_fraction": 1.0,
    "min_proportion": 0.12056666666666667,
    "max_proportion": 0.12956666666666666,
    "proportions": [
      0.1253,
      0.12283333333333334,
      0.1295,
      0.12463333333333333,
      0.12416666666666666,
      0.12956666666666666,
      0.12343333333333334,
      0.12056666666666667
    ]
  },
  "nearest_mode_dist": {
    "mean": 0.4565287232398987,
    "std": 0.23555351793766022,
    "median": 0.43132293224334717
  },
  "mmd_rbf": 0.0019307946957529687,
  "sliced_wasserstein": 0.14500594469106473,
  "nan_rate": 0.0,
  "n_samples": 30000
}