{
  "mode_coverage": {
    "n_covered": 8,
    "n_modes": 8,
    "coverage_fraction": 1.0,
    "min_proportion": 0.11836666666666666,
    "max_proportion": 0.13176666666666667,
    "proportions": [
      0.13176666666666667,
      0.1297,
      0.1224,
      0.11836666666666666,
      0.12486666666666667,
      0.12396666666666667,
      0.12473333333333333,
      0.1242
    ]
  },
  "nearest_mode_dist": {
    "mean": 0.4514946937561035,
    "std": 0.23080959916114807,
    "median": 0.42921799421310425
  },
  "mmd_rbf": 0.002300143898254059,
  "sliced_wasserstein": 0.1456763380985641,
  "nan_rate": 0.0,
  "n_samples": 30000
}