{
  "nan_rate": 0.0,
  "n_samples": 20000,
  "mmd_rbf": 0.0007181167602539062,
  "sliced_wasserstein": 1.7075666476209101,
  "method": "mirafzali_residual_knn_nw",
  "residual_alpha": 1.0,
  "residual_knn_k": 256,
  "residual_knn_bandwidth_scale": 0.5,
  "var_H": 2.9847326278686523,
  "var_residual": 1.7127642631530762,
  "mean_residual_norm": 1.2537150382995605,
  "config_key": "mirafzali_residual_knn_nw/a1.00_k256_bw0.5"
}