{
  "nan_rate": 0.0,
  "n_samples": 20000,
  "mmd_rbf": 0.009452491998672485,
  "sliced_wasserstein": 1.252427289392475,
  "mode_coverage": {
    "n_covered": 8,
    "n_modes": 8,
    "coverage_fraction": 1.0,
    "min_proportion": 0.1027,
    "max_proportion": 0.1604,
    "mean_nearest_dist": 0.4499721825122833
  },
  "reverse_init": "stationary",
  "residual_alpha": 1.0,
  "nw_bandwidth_scale": 1.0,
  "residual_knn_k": 128,
  "residual_knn_bandwidth_scale": 0.5,
  "var_H": 3.032075881958008,
  "var_residual": 0.7917302846908569,
  "mean_residual_norm": 0.8625373840332031
}