{
  "nan_rate": 0.0,
  "n_samples": 20000,
  "mmd_rbf": 0.0011290013790130615,
  "sliced_wasserstein": 1.7074287062774687,
  "method": "mirafzali_residual_knn_nw",
  "residual_alpha": 0.5,
  "residual_knn_k": 1024,
  "residual_knn_bandwidth_scale": 1.0,
  "var_H": 2.9847326278686523,
  "var_residual": 1.7127642631530762,
  "mean_residual_norm": 1.2537150382995605,
  "config_key": "mirafzali_residual_knn_nw/a0.50_k1024_bw1.0"
}