{
  "nan_rate": 0.0,
  "n_samples": 20000,
  "mmd_rbf": 0.0007101595401763916,
  "sliced_wasserstein": 1.2684089014680493,
  "mode_coverage": {
    "n_covered": 8,
    "n_modes": 8,
    "coverage_fraction": 1.0,
    "min_proportion": 0.10035,
    "max_proportion": 0.1422,
    "mean_nearest_dist": 0.2507696747779846
  },
  "reverse_init": "stationary"
}