{
  "nan_rate": 0.0,
  "n_samples": 20000,
  "mmd_rbf": 0.03775151073932648,
  "sliced_wasserstein": 1.8147378382389752,
  "reverse_init": "stationary"
}