{
  "nan_rate": 0.0,
  "n_samples": 20000,
  "mmd_rbf": -0.0001914501190185547,
  "sliced_wasserstein": 1.7029844685880269,
  "var_S": null,
  "var_D": null,
  "var_delta": null,
  "var_H": 0.5444956421852112,
  "mean_H_norm": 0.9585700035095215,
  "var_H_norm": 0.17015382647514343,
  "mean_A2": null,
  "mean_B2": null,
  "mean_C2": null,
  "reverse_init": "stationary",
  "correction": "approx",
  "n_paths": 25000,
  "n_epochs": 5000,
  "batch_size": 4096,
  "n_steps_per_unit": 250,
  "n_steps_rev": 1000,
  "n_times": 12,
  "sim_seconds": 3.105324788019061,
  "teacher_seconds": 0.09148566424846649,
  "forward_seconds": 3.1968104522675276,
  "train_seconds": 817.0895264763385,
  "reverse_seconds": 297.7212165426463,
  "eval_seconds": 2.112308420240879,
  "total_seconds": 1122.2039762213826
}