{
  "nan_rate": 0.0,
  "n_samples": 20000,
  "mmd_rbf": 0.0016064643859863281,
  "sliced_wasserstein": 1.7348086162183267,
  "var_S": null,
  "var_D": null,
  "var_delta": null,
  "var_H": 1.2086917161941528,
  "mean_H_norm": 1.2219716310501099,
  "var_H_norm": 0.9242087602615356,
  "mean_A2": null,
  "mean_B2": null,
  "mean_C2": null,
  "reverse_init": "stationary",
  "correction": "a_correction",
  "n_paths": 25000,
  "n_epochs": 5000,
  "batch_size": 4096,
  "n_steps_per_unit": 250,
  "n_steps_rev": 1000,
  "n_times": 12,
  "sim_seconds": 3.301830507814884,
  "teacher_seconds": 0.0034474488347768784,
  "forward_seconds": 3.305277956649661,
  "train_seconds": 817.9254270512611,
  "reverse_seconds": 297.6762546505779,
  "eval_seconds": 1.9206918999552727,
  "total_seconds": 1122.6119655109942
}