{
  "nan_rate": 0.0,
  "n_samples": 20000,
  "mmd_rbf": -8.07344913482666e-05,
  "sliced_wasserstein": 1.2807267680932164,
  "mode_coverage": {
    "n_covered": 8,
    "n_modes": 8,
    "coverage_fraction": 1.0,
    "min_proportion": 0.11345,
    "max_proportion": 0.1362,
    "mean_nearest_dist": 0.28738585114479065
  },
  "reverse_init": "stationary"
}