{
  "nan_rate": 0.0,
  "n_samples": 20000,
  "mmd_rbf": 0.001013338565826416,
  "sliced_wasserstein": 1.7084248595297322,
  "method": "mirafzali_residual_binned",
  "residual_alpha": 0.75,
  "var_H": 2.9847326278686523,
  "var_residual": 1.7127642631530762,
  "mean_residual_norm": 1.2537150382995605,
  "config_key": "mirafzali_residual_binned/a0.75"
}