{
  "mode_coverage": {
    "n_covered": 8,
    "n_modes": 8,
    "coverage_fraction": 1.0,
    "min_proportion": 0.12186666666666666,
    "max_proportion": 0.1294,
    "proportions": [
      0.12613333333333332,
      0.12186666666666666,
      0.122,
      0.1294,
      0.12653333333333333,
      0.12326666666666666,
      0.1251,
      0.1257
    ]
  },
  "nearest_mode_dist": {
    "mean": 0.5542378425598145,
    "std": 0.2764856517314911,
    "median": 0.5337579250335693
  },
  "mmd_rbf": 0.00435757306521678,
  "sliced_wasserstein": 0.17863449230917974,
  "nan_rate": 0.0,
  "n_samples": 30000
}