{
  "nan_rate": 0.0,
  "n_samples": 20000,
  "mmd_rbf": 0.0017341077327728271,
  "sliced_wasserstein": 1.6202320012905522,
  "reverse_init": "stationary",
  "correction": "mirafzali_full",
  "n_paths": 25000,
  "n_epochs": 5000,
  "batch_size": 4096,
  "n_steps_per_unit": 250,
  "n_steps_rev": 1000,
  "n_times": 12,
  "sim_seconds": 2.864302858710289,
  "teacher_seconds": 0.0029597878456115723,
  "forward_seconds": 2.8672626465559006,
  "train_seconds": 830.8411036673933,
  "reverse_seconds": 298.83444026485085,
  "eval_seconds": 0.8588251564651728,
  "total_seconds": 1133.9606810901314
}