{
  "config": {
    "family": "knn_nw",
    "bandwidth": null,
    "k": 256,
    "bandwidth_scale": 1.0
  },
  "group": "sweep_top5",
  "seeds": [
    0,
    1,
    2
  ],
  "mmd_rbf_mean": 0.0023955816937155836,
  "mmd_rbf_std": 0.0002967708560503025,
  "sliced_wasserstein_mean": 0.14827544873750997,
  "sliced_wasserstein_std": 0.0023626710789897733
}