{
  "mode_coverage": {
    "n_covered": 8,
    "n_modes": 8,
    "coverage_fraction": 1.0,
    "min_proportion": 0.11993333333333334,
    "max_proportion": 0.13066666666666665,
    "proportions": [
      0.12283333333333334,
      0.11993333333333334,
      0.12626666666666667,
      0.12223333333333333,
      0.13066666666666665,
      0.12803333333333333,
      0.1291,
      0.12093333333333334
    ]
  },
  "nearest_mode_dist": {
    "mean": 0.45545077323913574,
    "std": 0.23369751870632172,
    "median": 0.4335632920265198
  },
  "mmd_rbf": 0.002755159504841731,
  "sliced_wasserstein": 0.14761262131844868,
  "nan_rate": 0.0,
  "n_samples": 30000
}