{
  "nan_rate": 0.0,
  "n_samples": 20000,
  "mmd_rbf": 0.0016524791717529297,
  "sliced_wasserstein": 1.6108816125239438,
  "var_S": 0.542701244354248,
  "var_D": 3.820592164993286,
  "var_delta": 5.845729827880859,
  "var_H": 5.845729827880859,
  "mean_H_norm": 2.9225454330444336,
  "var_H_norm": 3.1505534648895264,
  "mean_A2": 0.10259269626392052,
  "mean_B2": 0.03974114361634683,
  "mean_C2": 0.40987631248869,
  "reverse_init": "stationary",
  "correction": "mirafzali_full",
  "n_paths": 25000,
  "n_epochs": 5000,
  "batch_size": 4096,
  "n_steps_per_unit": 250,
  "n_steps_rev": 1000,
  "n_times": 12,
  "sim_seconds": 2.9090785067528486,
  "teacher_seconds": 0.0029152724891901016,
  "forward_seconds": 2.9119937792420387,
  "train_seconds": 819.2454773988575,
  "reverse_seconds": 297.5526035372168,
  "eval_seconds": 1.7898565325886011,
  "total_seconds": 1122.0596900675446
}