{
  "nan_rate": 0.0,
  "n_samples": 20000,
  "mmd_rbf": 0.00021907687187194824,
  "sliced_wasserstein": 1.7410339379471906,
  "reverse_init": "stationary"
}