{
  "nan_rate": 0.0,
  "n_samples": 20000,
  "mmd_rbf": 0.026339173316955566,
  "sliced_wasserstein": 2.60595362159824,
  "reverse_init": "stationary"
}