{
  "mode_coverage": {
    "n_covered": 8,
    "n_modes": 8,
    "coverage_fraction": 1.0,
    "min_proportion": 0.11683333333333333,
    "max_proportion": 0.13113333333333332,
    "proportions": [
      0.1261,
      0.12496666666666667,
      0.12656666666666666,
      0.12476666666666666,
      0.12516666666666668,
      0.11683333333333333,
      0.13113333333333332,
      0.12446666666666667
    ]
  },
  "nearest_mode_dist": {
    "mean": 0.45249614119529724,
    "std": 0.23271898925304413,
    "median": 0.4303198456764221
  },
  "mmd_rbf": 0.002073444676746805,
  "sliced_wasserstein": 0.14253729312826796,
  "nan_rate": 0.0,
  "n_samples": 30000
}