{
  "nan_rate": 0.0,
  "n_samples": 20000,
  "mmd_rbf": 0.0012974739074707031,
  "sliced_wasserstein": 1.2870223249485013,
  "mode_coverage": {
    "n_covered": 8,
    "n_modes": 8,
    "coverage_fraction": 1.0,
    "min_proportion": 0.1136,
    "max_proportion": 0.13315,
    "mean_nearest_dist": 0.28175243735313416
  },
  "reverse_init": "stationary",
  "residual_alpha": 1.0,
  "nw_bandwidth_scale": 1.0,
  "residual_knn_k": 256,
  "residual_knn_bandwidth_scale": 1.0,
  "var_H": 3.0363657474517822,
  "var_residual": 0.7950243353843689,
  "mean_residual_norm": 0.8598567247390747
}