{
  "config": {
    "family": "knn_nw",
    "bandwidth": null,
    "k": 512,
    "bandwidth_scale": 0.5
  },
  "group": "sweep_top5",
  "seeds": [
    0,
    1,
    2
  ],
  "mmd_rbf_mean": 0.002110898871286626,
  "mmd_rbf_std": 0.0002650420396835363,
  "sliced_wasserstein_mean": 0.14454813322524138,
  "sliced_wasserstein_std": 0.002189331251771033
}