{
  "nan_rate": 0.0,
  "n_samples": 20000,
  "mmd_rbf": 0.0008391439914703369,
  "sliced_wasserstein": 1.2853427925031224,
  "mode_coverage": {
    "n_covered": 8,
    "n_modes": 8,
    "coverage_fraction": 1.0,
    "min_proportion": 0.11725,
    "max_proportion": 0.1296,
    "mean_nearest_dist": 0.28144875168800354
  },
  "reverse_init": "stationary",
  "residual_alpha": 1.0,
  "nw_bandwidth_scale": 1.0,
  "residual_knn_k": 1024,
  "residual_knn_bandwidth_scale": 0.5,
  "var_H": 3.0358357429504395,
  "var_residual": 0.8029779195785522,
  "mean_residual_norm": 0.8634207844734192
}