{
  "nan_rate": 0.0,
  "n_samples": 20000,
  "mmd_rbf": 0.003653913736343384,
  "sliced_wasserstein": 1.5924161828693588,
  "reverse_init": "forward_terminal"
}