{
  "nan_rate": 0.0,
  "n_samples": 20000,
  "mmd_rbf": 6.753206253051758e-05,
  "sliced_wasserstein": 1.7193066546282492,
  "reverse_init": "stationary"
}