{
  "nan_rate": 0.0,
  "n_samples": 20000,
  "mmd_rbf": 0.004240453243255615,
  "sliced_wasserstein": 1.0375319247394938,
  "reverse_init": "stationary"
}