{
  "nan_rate": 0.0,
  "n_samples": 20000,
  "mmd_rbf": 0.001058727502822876,
  "sliced_wasserstein": 1.7073189559461641,
  "method": "mirafzali_residual_knn_nw",
  "residual_alpha": 0.75,
  "residual_knn_k": 128,
  "residual_knn_bandwidth_scale": 2.0,
  "var_H": 2.9847326278686523,
  "var_residual": 1.7127642631530762,
  "mean_residual_norm": 1.2537150382995605,
  "config_key": "mirafzali_residual_knn_nw/a0.75_k128_bw2.0"
}