{
  "nan_rate": 0.0,
  "n_samples": 20000,
  "mmd_rbf": 0.04344545304775238,
  "sliced_wasserstein": 1.5439639688409494,
  "reverse_init": "stationary"
}