{
  "nan_rate": 0.0,
  "n_samples": 20000,
  "mmd_rbf": 0.04742756485939026,
  "sliced_wasserstein": 1.529815541272672,
  "reverse_init": "stationary"
}