{
  "mode_coverage": {
    "n_covered": 8,
    "n_modes": 8,
    "coverage_fraction": 1.0,
    "min_proportion": 0.12016666666666667,
    "max_proportion": 0.1286,
    "proportions": [
      0.12756666666666666,
      0.1256,
      0.12413333333333333,
      0.12016666666666667,
      0.12036666666666666,
      0.12543333333333334,
      0.12813333333333332,
      0.1286
    ]
  },
  "nearest_mode_dist": {
    "mean": 0.5103811621665955,
    "std": 0.25560057163238525,
    "median": 0.4898250102996826
  },
  "mmd_rbf": 0.004091606980641593,
  "sliced_wasserstein": 0.16551617442904112,
  "nan_rate": 0.0,
  "n_samples": 30000
}