{
  "nan_rate": 0.0,
  "n_samples": 20000,
  "mmd_rbf": 0.00021162629127502441,
  "sliced_wasserstein": 1.7056681412641728,
  "reverse_init": "stationary",
  "residual_alpha": 1.0,
  "nw_bandwidth_scale": 1.0,
  "residual_knn_k": 1024,
  "residual_knn_bandwidth_scale": 0.5,
  "var_H": 2.9914658069610596,
  "var_residual": 1.7434473037719727,
  "mean_residual_norm": 1.2626001834869385
}