{
  "nan_rate": 0.0,
  "n_samples": 20000,
  "mmd_rbf": -1.043081283569336e-05,
  "sliced_wasserstein": 1.2867405582903784,
  "mode_coverage": {
    "n_covered": 8,
    "n_modes": 8,
    "coverage_fraction": 1.0,
    "min_proportion": 0.10945,
    "max_proportion": 0.1389,
    "mean_nearest_dist": 0.2836589217185974
  },
  "reverse_init": "stationary",
  "residual_alpha": 1.0,
  "nw_bandwidth_scale": 1.0,
  "residual_knn_k": 128,
  "residual_knn_bandwidth_scale": 0.5,
  "var_H": 2.998028516769409,
  "var_residual": 0.7719009518623352,
  "mean_residual_norm": 0.8538531064987183
}