{
  "nan_rate": 0.0,
  "n_samples": 20000,
  "mmd_rbf": 0.001722484827041626,
  "sliced_wasserstein": 1.0327046083884455,
  "reverse_init": "stationary"
}