{
  "nan_rate": 0.0,
  "n_samples": 20000,
  "mmd_rbf": 0.0015244483947753906,
  "sliced_wasserstein": 0.9967801189747072,
  "reverse_init": "stationary",
  "residual_alpha": 1.0,
  "nw_bandwidth_scale": 1.0,
  "residual_knn_k": 128,
  "residual_knn_bandwidth_scale": 0.5,
  "var_H": 3.0860490798950195,
  "var_residual": 1.9743692874908447,
  "mean_residual_norm": 1.3105788230895996
}