{
  "nan_rate": 0.0,
  "n_samples": 20000,
  "mmd_rbf": 0.0003788471221923828,
  "sliced_wasserstein": 1.709564615332137,
  "reverse_init": "stationary"
}