{
  "mirafzali": {
    "mmd_mean": 0.0014820635318756104,
    "mmd_std": 0.0019232680555700417,
    "sw_mean": 1.7037662594081866,
    "sw_std": 0.027331489126493955
  },
  "mirafzali_residual_binned": {
    "mmd_mean": 0.0009656071662902832,
    "mmd_std": 0.001385086677889209,
    "sw_mean": 1.7117471296487683,
    "sw_std": 0.02260327524624762
  }
}