{
  "nan_rate": 0.0,
  "n_samples": 20000,
  "mmd_rbf": 0.004367947578430176,
  "sliced_wasserstein": 1.7375986918928255,
  "var_S": null,
  "var_D": null,
  "var_delta": null,
  "var_H": 1.1754156351089478,
  "mean_H_norm": 1.2093300819396973,
  "var_H_norm": 0.8883857727050781,
  "mean_A2": null,
  "mean_B2": null,
  "mean_C2": null,
  "reverse_init": "stationary",
  "correction": "a_correction",
  "n_paths": 25000,
  "n_epochs": 5000,
  "batch_size": 4096,
  "n_steps_per_unit": 250,
  "n_steps_rev": 1000,
  "n_times": 12,
  "sim_seconds": 2.870259715244174,
  "teacher_seconds": 0.0028379764407873154,
  "forward_seconds": 2.8730976916849613,
  "train_seconds": 818.1941560078412,
  "reverse_seconds": 296.5026296004653,
  "eval_seconds": 1.8761319182813168,
  "total_seconds": 1120.0254737827927
}