{
  "nan_rate": 0.0,
  "n_samples": 20000,
  "mmd_rbf": 0.03627815842628479,
  "sliced_wasserstein": 1.7280219563536605,
  "reverse_init": "stationary"
}