{
  "mode_coverage": {
    "n_covered": 8,
    "n_modes": 8,
    "coverage_fraction": 1.0,
    "min_proportion": 0.11856666666666667,
    "max_proportion": 0.13093333333333335,
    "proportions": [
      0.1238,
      0.12386666666666667,
      0.12566666666666668,
      0.12936666666666666,
      0.13093333333333335,
      0.11856666666666667,
      0.12793333333333334,
      0.11986666666666666
    ]
  },
  "nearest_mode_dist": {
    "mean": 0.4466055631637573,
    "std": 0.2295338213443756,
    "median": 0.4226030111312866
  },
  "mmd_rbf": 0.002251275317675938,
  "sliced_wasserstein": 0.1407536919505731,
  "nan_rate": 0.0,
  "n_samples": 30000
}