{
  "mode_coverage": {
    "n_covered": 8,
    "n_modes": 8,
    "coverage_fraction": 1.0,
    "min_proportion": 0.11883333333333333,
    "max_proportion": 0.1283,
    "proportions": [
      0.1278,
      0.12573333333333334,
      0.1283,
      0.12516666666666668,
      0.12383333333333334,
      0.12803333333333333,
      0.1223,
      0.11883333333333333
    ]
  },
  "nearest_mode_dist": {
    "mean": 0.43994563817977905,
    "std": 0.22630880773067474,
    "median": 0.41674384474754333
  },
  "mmd_rbf": 0.001116186484544368,
  "sliced_wasserstein": 0.13755651744407046,
  "nan_rate": 0.0,
  "n_samples": 30000
}