{
  "nan_rate": 0.0,
  "n_samples": 20000,
  "mmd_rbf": 0.0008483231067657471,
  "sliced_wasserstein": 1.705376067027546,
  "reverse_init": "stationary",
  "var_H": 2.9799623489379883,
  "var_residual": 1.6744189262390137,
  "mean_residual_norm": 1.244762659072876
}