{
  "mode_coverage": {
    "n_covered": 8,
    "n_modes": 8,
    "coverage_fraction": 1.0,
    "min_proportion": 0.1197,
    "max_proportion": 0.12773333333333334,
    "proportions": [
      0.1197,
      0.12376666666666666,
      0.12773333333333334,
      0.12743333333333334,
      0.12683333333333333,
      0.12456666666666667,
      0.12566666666666668,
      0.1243
    ]
  },
  "nearest_mode_dist": {
    "mean": 0.4800925552845001,
    "std": 0.24956203997135162,
    "median": 0.4562513828277588
  },
  "mmd_rbf": 0.003890124259380623,
  "sliced_wasserstein": 0.15363966353833894,
  "nan_rate": 0.0,
  "n_samples": 30000
}