{
  "nan_rate": 0.0,
  "n_samples": 20000,
  "mmd_rbf": 0.002350747585296631,
  "sliced_wasserstein": 1.038192796902035,
  "reverse_init": "stationary"
}