{
  "nan_rate": 0.0,
  "n_samples": 20000,
  "mmd_rbf": 0.0007921159267425537,
  "sliced_wasserstein": 1.7077915431156168,
  "method": "mirafzali_residual_nw",
  "residual_alpha": 1.0,
  "nw_bandwidth_scale": 2.0,
  "var_H": 2.9847326278686523,
  "var_residual": 1.7127642631530762,
  "mean_residual_norm": 1.2537150382995605,
  "config_key": "mirafzali_residual_nw/a1.00_bw2.0"
}