{
  "config": {
    "method": "binned"
  },
  "group": "baseline",
  "seeds": [
    0,
    1,
    2
  ],
  "mmd_rbf_mean": 0.0021714901384243443,
  "mmd_rbf_std": 0.00021963664223229252,
  "sliced_wasserstein_mean": 0.14242738969575783,
  "sliced_wasserstein_std": 0.0018372506140216102
}