{
  "mode_coverage": {
    "n_covered": 8,
    "n_modes": 8,
    "coverage_fraction": 1.0,
    "min_proportion": 0.11383333333333333,
    "max_proportion": 0.1321,
    "proportions": [
      0.12826666666666667,
      0.12966666666666668,
      0.1321,
      0.1283,
      0.1257,
      0.12326666666666666,
      0.11383333333333333,
      0.11886666666666666
    ]
  },
  "nearest_mode_dist": {
    "mean": 0.4621833264827728,
    "std": 0.2351040542125702,
    "median": 0.4406014084815979
  },
  "mmd_rbf": 0.0026375666491106897,
  "sliced_wasserstein": 0.14975859552945914,
  "nan_rate": 0.0,
  "n_samples": 30000
}