{
  "mode_coverage": {
    "n_covered": 8,
    "n_modes": 8,
    "coverage_fraction": 1.0,
    "min_proportion": 0.12043333333333334,
    "max_proportion": 0.13223333333333334,
    "proportions": [
      0.13223333333333334,
      0.12893333333333334,
      0.1278,
      0.1222,
      0.12233333333333334,
      0.12133333333333333,
      0.12043333333333334,
      0.12473333333333333
    ]
  },
  "nearest_mode_dist": {
    "mean": 0.45501118898391724,
    "std": 0.23599520325660706,
    "median": 0.4300338625907898
  },
  "mmd_rbf": 0.0018551061083189602,
  "sliced_wasserstein": 0.14697243737734428,
  "nan_rate": 0.0,
  "n_samples": 30000
}