{
  "mode_coverage": {
    "n_covered": 8,
    "n_modes": 8,
    "coverage_fraction": 1.0,
    "min_proportion": 0.11953333333333334,
    "max_proportion": 0.13176666666666667,
    "proportions": [
      0.13176666666666667,
      0.11953333333333334,
      0.12256666666666667,
      0.12893333333333334,
      0.1221,
      0.12323333333333333,
      0.12256666666666667,
      0.1293
    ]
  },
  "nearest_mode_dist": {
    "mean": 0.4406436085700989,
    "std": 0.22826364636421204,
    "median": 0.4146607518196106
  },
  "mmd_rbf": 0.002457386799235517,
  "sliced_wasserstein": 0.13970526293342725,
  "nan_rate": 0.0,
  "n_samples": 30000
}