{
  "nan_rate": 0.0,
  "n_samples": 20000,
  "mmd_rbf": 0.00025004148483276367,
  "sliced_wasserstein": 1.707578829621399,
  "reverse_init": "stationary",
  "var_H": 2.9670767784118652,
  "var_residual": 1.6484674215316772,
  "mean_residual_norm": 1.2364287376403809
}