{
  "mode_coverage": {
    "n_covered": 8,
    "n_modes": 8,
    "coverage_fraction": 1.0,
    "min_proportion": 0.11783333333333333,
    "max_proportion": 0.13013333333333332,
    "proportions": [
      0.12606666666666666,
      0.12213333333333333,
      0.12463333333333333,
      0.11783333333333333,
      0.124,
      0.12676666666666667,
      0.13013333333333332,
      0.12843333333333334
    ]
  },
  "nearest_mode_dist": {
    "mean": 0.44510790705680847,
    "std": 0.23173737525939941,
    "median": 0.4190918505191803
  },
  "mmd_rbf": 0.002863854626558804,
  "sliced_wasserstein": 0.14428892101308902,
  "nan_rate": 0.0,
  "n_samples": 30000
}