{
  "n_samples": 1000,
  "times": [
    0.01,
    0.05,
    0.1,
    0.5,
    1.0
  ],
  "n_max_list": [
    5,
    10,
    20,
    40
  ],
  "thresh_list": [
    0.0,
    0.5
  ],
  "summary_by_t": {
    "0.01": {
      "mean_norm_var": 6.381239765591326e-15
    },
    "0.05": {
      "mean_norm_var": 5.763443161443267
    },
    "0.1": {
      "mean_norm_var": 3.989756055978907
    },
    "0.5": {
      "mean_norm_var": 1.7776790011032078
    },
    "1.0": {
      "mean_norm_var": 1.2491246435263252
    }
  }
}