{
  "nan_rate": 0.0,
  "n_samples": 20000,
  "mmd_rbf": 0.0008390247821807861,
  "sliced_wasserstein": 1.2883690580724172,
  "mode_coverage": {
    "n_covered": 8,
    "n_modes": 8,
    "coverage_fraction": 1.0,
    "min_proportion": 0.1126,
    "max_proportion": 0.13805,
    "mean_nearest_dist": 0.24016313254833221
  },
  "reverse_init": "stationary"
}