{
  "nan_rate": 0.0,
  "n_samples": 20000,
  "mmd_rbf": 0.0007649660110473633,
  "sliced_wasserstein": 1.289919954211273,
  "mode_coverage": {
    "n_covered": 8,
    "n_modes": 8,
    "coverage_fraction": 1.0,
    "min_proportion": 0.1145,
    "max_proportion": 0.13725,
    "mean_nearest_dist": 0.24006839096546173
  },
  "reverse_init": "stationary"
}