{
  "nan_rate": 0.0,
  "n_samples": 20000,
  "mmd_rbf": -0.00013568997383117676,
  "sliced_wasserstein": 1.6982098452040355,
  "var_S": null,
  "var_D": null,
  "var_delta": null,
  "var_H": 0.542701244354248,
  "mean_H_norm": 0.9570552110671997,
  "var_H_norm": 0.16959570348262787,
  "mean_A2": null,
  "mean_B2": null,
  "mean_C2": null,
  "reverse_init": "stationary",
  "correction": "approx",
  "n_paths": 25000,
  "n_epochs": 5000,
  "batch_size": 4096,
  "n_steps_per_unit": 250,
  "n_steps_rev": 1000,
  "n_times": 12,
  "sim_seconds": 3.033147571608424,
  "teacher_seconds": 0.09229505248367786,
  "forward_seconds": 3.125442624092102,
  "train_seconds": 818.1737718954682,
  "reverse_seconds": 296.7148407381028,
  "eval_seconds": 2.0344094652682543,
  "total_seconds": 1122.0975421518087
}