{
  "nan_rate": 0.0,
  "n_samples": 20000,
  "mmd_rbf": 0.022344976663589478,
  "sliced_wasserstein": 2.4705034169254656,
  "mode_coverage": {
    "n_covered": 8,
    "n_modes": 8,
    "coverage_fraction": 1.0,
    "min_proportion": 0.10705,
    "max_proportion": 0.15595,
    "mean_nearest_dist": 2.2327845096588135
  },
  "reverse_init": "stationary"
}