{
  "nan_rate": 0.0,
  "n_samples": 20000,
  "mmd_rbf": 0.0017341077327728271,
  "sliced_wasserstein": 1.6202320012905522,
  "var_S": 0.5443333387374878,
  "var_D": 3.6844236850738525,
  "var_delta": 5.698566913604736,
  "var_H": 5.698566913604736,
  "mean_H_norm": 2.8993184566497803,
  "var_H_norm": 2.9911253452301025,
  "mean_A2": 0.09402085617673583,
  "mean_B2": 0.0365421889057476,
  "mean_C2": 0.3756440105782822,
  "reverse_init": "stationary",
  "correction": "mirafzali_full",
  "n_paths": 25000,
  "n_epochs": 5000,
  "batch_size": 4096,
  "n_steps_per_unit": 250,
  "n_steps_rev": 1000,
  "n_times": 12,
  "sim_seconds": 2.8710113242268562,
  "teacher_seconds": 0.0028803758323192596,
  "forward_seconds": 2.8738917000591755,
  "train_seconds": 808.0087887682021,
  "reverse_seconds": 294.50738352164626,
  "eval_seconds": 2.029783971607685,
  "total_seconds": 1107.9840622991323
}