{
  "mode_coverage": {
    "n_covered": 8,
    "n_modes": 8,
    "coverage_fraction": 1.0,
    "min_proportion": 0.1214,
    "max_proportion": 0.12903333333333333,
    "proportions": [
      0.1271,
      0.1214,
      0.12483333333333334,
      0.12206666666666667,
      0.1227,
      0.12903333333333333,
      0.1266,
      0.12626666666666667
    ]
  },
  "nearest_mode_dist": {
    "mean": 0.4461944103240967,
    "std": 0.2294573187828064,
    "median": 0.4225504696369171
  },
  "mmd_rbf": 0.00229691839643692,
  "sliced_wasserstein": 0.1424310356317409,
  "nan_rate": 0.0,
  "n_samples": 30000
}