{
  "nan_rate": 0.0,
  "n_samples": 20000,
  "mmd_rbf": 0.000973045825958252,
  "sliced_wasserstein": 1.7190373470317146,
  "method": "mirafzali_residual_knn_nw",
  "residual_alpha": 0.5,
  "residual_knn_k": 1024,
  "residual_knn_bandwidth_scale": 2.0,
  "var_H": 2.9847326278686523,
  "var_residual": 1.6416393518447876,
  "mean_residual_norm": 1.232181191444397,
  "config_key": "mirafzali_residual_knn_nw/a0.50_k1024_bw2.0"
}