{
  "mode_coverage": {
    "n_covered": 8,
    "n_modes": 8,
    "coverage_fraction": 1.0,
    "min_proportion": 0.11846666666666666,
    "max_proportion": 0.1304,
    "proportions": [
      0.12436666666666667,
      0.12203333333333333,
      0.12533333333333332,
      0.1277,
      0.12856666666666666,
      0.11846666666666666,
      0.1304,
      0.12313333333333333
    ]
  },
  "nearest_mode_dist": {
    "mean": 0.4572086036205292,
    "std": 0.2360086590051651,
    "median": 0.43317219614982605
  },
  "mmd_rbf": 0.0023843109894096104,
  "sliced_wasserstein": 0.14395665285271264,
  "nan_rate": 0.0,
  "n_samples": 30000
}