{
  "nan_rate": 0.0,
  "n_samples": 20000,
  "mmd_rbf": 0.0002442002296447754,
  "sliced_wasserstein": 1.289239920034926,
  "mode_coverage": {
    "n_covered": 8,
    "n_modes": 8,
    "coverage_fraction": 1.0,
    "min_proportion": 0.11965,
    "max_proportion": 0.13075,
    "mean_nearest_dist": 0.28119945526123047
  },
  "reverse_init": "stationary"
}