{
  "nan_rate": 0.0,
  "n_samples": 20000,
  "mmd_rbf": 0.0016959309577941895,
  "sliced_wasserstein": 1.7339198834051854,
  "reverse_init": "stationary",
  "correction": "a_correction",
  "n_paths": 25000,
  "n_epochs": 5000,
  "batch_size": 4096,
  "n_steps_per_unit": 250,
  "n_steps_rev": 1000,
  "n_times": 12,
  "sim_seconds": 2.9236362632364035,
  "teacher_seconds": 0.002707935869693756,
  "forward_seconds": 2.926344199106097,
  "train_seconds": 830.572923079133,
  "reverse_seconds": 298.35094994306564,
  "eval_seconds": 0.8689144235104322,
  "total_seconds": 1133.267052238807
}