{
  "nan_rate": 0.0,
  "n_samples": 20000,
  "mmd_rbf": 5.930662155151367e-05,
  "sliced_wasserstein": 1.7066304767785943,
  "reverse_init": "stationary"
}