{
  "binned": {
    "mode_coverage": {
      "n_covered": 8,
      "n_modes": 8,
      "coverage_fraction": 1.0,
      "min_proportion": 0.11783333333333333,
      "max_proportion": 0.13013333333333332,
      "proportions": [
        0.12606666666666666,
        0.12213333333333333,
        0.12463333333333333,
        0.11783333333333333,
        0.124,
        0.12676666666666667,
        0.13013333333333332,
        0.12843333333333334
      ]
    },
    "nearest_mode_dist": {
      "mean": 0.44510790705680847,
      "std": 0.23173737525939941,
      "median": 0.4190918505191803
    },
    "mmd_rbf": 0.002863854626558804,
    "sliced_wasserstein": 0.14428892101308902,
    "nan_rate": 0.0,
    "n_samples": 30000
  },
  "nw": {
    "mode_coverage": {
      "n_covered": 8,
      "n_modes": 8,
      "coverage_fraction": 1.0,
      "min_proportion": 0.12016666666666667,
      "max_proportion": 0.1286,
      "proportions": [
        0.12756666666666666,
        0.1256,
        0.12413333333333333,
        0.12016666666666667,
        0.12036666666666666,
        0.12543333333333334,
        0.12813333333333332,
        0.1286
      ]
    },
    "nearest_mode_dist": {
      "mean": 0.5103811621665955,
      "std": 0.25560057163238525,
      "median": 0.4898250102996826
    },
    "mmd_rbf": 0.004091606980641593,
    "sliced_wasserstein": 0.16551617442904112,
    "nan_rate": 0.0,
    "n_samples": 30000
  },
  "knn_nw": {
    "mode_coverage": {
      "n_covered": 8,
      "n_modes": 8,
      "coverage_fraction": 1.0,
      "min_proportion": 0.1197,
      "max_proportion": 0.12773333333333334,
      "proportions": [
        0.1197,
        0.12376666666666666,
        0.12773333333333334,
        0.12743333333333334,
        0.12683333333333333,
        0.12456666666666667,
        0.12566666666666668,
        0.1243
      ]
    },
    "nearest_mode_dist": {
      "mean": 0.4800925552845001,
      "std": 0.24956203997135162,
      "median": 0.4562513828277588
    },
    "mmd_rbf": 0.003890124259380623,
    "sliced_wasserstein": 0.15363966353833894,
    "nan_rate": 0.0,
    "n_samples": 30000
  },
  "raw": {
    "mode_coverage": {
      "n_covered": 8,
      "n_modes": 8,
      "coverage_fraction": 1.0,
      "min_proportion": 0.11403333333333333,
      "max_proportion": 0.13693333333333332,
      "proportions": [
        0.12333333333333334,
        0.13693333333333332,
        0.1315,
        0.12753333333333333,
        0.11403333333333333,
        0.12506666666666666,
        0.1193,
        0.1223
      ]
    },
    "nearest_mode_dist": {
      "mean": 0.44287315011024475,
      "std": 0.22851847112178802,
      "median": 0.417328417301178
    },
    "mmd_rbf": 0.00254966507323634,
    "sliced_wasserstein": 0.1475930842204173,
    "nan_rate": 0.0,
    "n_samples": 30000
  }
}