{
  "nan_rate": 0.0,
  "n_samples": 20000,
  "mmd_rbf": 0.006989151239395142,
  "sliced_wasserstein": 1.6610172521328617,
  "reverse_init": "stationary"
}