{
  "best_config": "mirafzali_residual_nw/a1.00_bw1.0",
  "best_value": 0.0006653368473052979,
  "all_values": {
    "mirafzali/default": 0.0012674927711486816,
    "mirafzali_residual_binned/a0.25": 0.0012132525444030762,
    "mirafzali_residual_binned/a0.50": 0.0012788176536560059,
    "mirafzali_residual_binned/a0.75": 0.001013338565826416,
    "mirafzali_residual_binned/a1.00": 0.0011055469512939453,
    "mirafzali_residual_nw/a0.25_bw1.0": 0.0011295080184936523,
    "mirafzali_residual_nw/a0.25_bw2.0": 0.0012007057666778564,
    "mirafzali_residual_nw/a0.25_bw4.0": 0.001261681318283081,
    "mirafzali_residual_nw/a0.50_bw1.0": 0.000916600227355957,
    "mirafzali_residual_nw/a0.50_bw2.0": 0.0010102689266204834,
    "mirafzali_residual_nw/a0.50_bw4.0": 0.0011348724365234375,
    "mirafzali_residual_nw/a0.75_bw1.0": 0.0008088946342468262,
    "mirafzali_residual_nw/a0.75_bw2.0": 0.0008996725082397461,
    "mirafzali_residual_nw/a0.75_bw4.0": 0.0010605454444885254,
    "mirafzali_residual_nw/a1.00_bw1.0": 0.0006653368473052979,
    "mirafzali_residual_nw/a1.00_bw2.0": 0.0007921159267425537,
    "mirafzali_residual_nw/a1.00_bw4.0": 0.0010048747062683105,
    "mirafzali_residual_knn_nw/a0.25_k128_bw0.5": 0.0010682642459869385,
    "mirafzali_residual_knn_nw/a0.25_k128_bw1.0": 0.0011632144451141357,
    "mirafzali_residual_knn_nw/a0.25_k128_bw2.0": 0.001176387071609497,
    "mirafzali_residual_knn_nw/a0.25_k256_bw0.5": 0.0011025965213775635,
    "mirafzali_residual_knn_nw/a0.25_k256_bw1.0": 0.001169055700302124,
    "mirafzali_residual_knn_nw/a0.25_k256_bw2.0": 0.0012190639972686768,
    "mirafzali_residual_knn_nw/a0.25_k512_bw0.5": 0.0011551976203918457,
    "mirafzali_residual_knn_nw/a0.25_k512_bw1.0": 0.0011752545833587646,
    "mirafzali_residual_knn_nw/a0.25_k512_bw2.0": 0.0011980831623077393,
    "mirafzali_residual_knn_nw/a0.25_k1024_bw0.5": 0.0011625289916992188,
    "mirafzali_residual_knn_nw/a0.25_k1024_bw1.0": 0.0012201666831970215,
    "mirafzali_residual_knn_nw/a0.25_k1024_bw2.0": 0.0012218356132507324,
    "mirafzali_residual_knn_nw/a0.50_k128_bw0.5": 0.0009517669677734375,
    "mirafzali_residual_knn_nw/a0.50_k128_bw1.0": 0.0010659396648406982,
    "mirafzali_residual_knn_nw/a0.50_k128_bw2.0": 0.0010947883129119873,
    "mirafzali_residual_knn_nw/a0.50_k256_bw0.5": 0.0010378360748291016,
    "mirafzali_residual_knn_nw/a0.50_k256_bw1.0": 0.0010861456394195557,
    "mirafzali_residual_knn_nw/a0.50_k256_bw2.0": 0.0011247992515563965,
    "mirafzali_residual_knn_nw/a0.50_k512_bw0.5": 0.001061767339706421,
    "mirafzali_residual_knn_nw/a0.50_k512_bw1.0": 0.0010919570922851562,
    "mirafzali_residual_knn_nw/a0.50_k512_bw2.0": 0.001108795404434204,
    "mirafzali_residual_knn_nw/a0.50_k1024_bw0.5": 0.001075148582458496,
    "mirafzali_residual_knn_nw/a0.50_k1024_bw1.0": 0.0011290013790130615,
    "mirafzali_residual_knn_nw/a0.50_k1024_bw2.0": 0.0011349022388458252,
    "mirafzali_residual_knn_nw/a0.75_k128_bw0.5": 0.0008048117160797119,
    "mirafzali_residual_knn_nw/a0.75_k128_bw1.0": 0.0009441077709197998,
    "mirafzali_residual_knn_nw/a0.75_k128_bw2.0": 0.001058727502822876,
    "mirafzali_residual_knn_nw/a0.75_k256_bw0.5": 0.0008462369441986084,
    "mirafzali_residual_knn_nw/a0.75_k256_bw1.0": 0.0010269582271575928,
    "mirafzali_residual_knn_nw/a0.75_k256_bw2.0": 0.001057058572769165,
    "mirafzali_residual_knn_nw/a0.75_k512_bw0.5": 0.000954359769821167,
    "mirafzali_residual_knn_nw/a0.75_k512_bw1.0": 0.0010622739791870117,
    "mirafzali_residual_knn_nw/a0.75_k512_bw2.0": 0.0010638535022735596,
    "mirafzali_residual_knn_nw/a0.75_k1024_bw0.5": 0.0009818077087402344,
    "mirafzali_residual_knn_nw/a0.75_k1024_bw1.0": 0.001078963279724121,
    "mirafzali_residual_knn_nw/a0.75_k1024_bw2.0": 0.001066744327545166,
    "mirafzali_residual_knn_nw/a1.00_k128_bw0.5": 0.0007009804248809814,
    "mirafzali_residual_knn_nw/a1.00_k128_bw1.0": 0.0007803440093994141,
    "mirafzali_residual_knn_nw/a1.00_k128_bw2.0": 0.0009820163249969482,
    "mirafzali_residual_knn_nw/a1.00_k256_bw0.5": 0.0007181167602539062,
    "mirafzali_residual_knn_nw/a1.00_k256_bw1.0": 0.0008803308010101318,
    "mirafzali_residual_knn_nw/a1.00_k256_bw2.0": 0.000998169183731079,
    "mirafzali_residual_knn_nw/a1.00_k512_bw0.5": 0.0008023977279663086,
    "mirafzali_residual_knn_nw/a1.00_k512_bw1.0": 0.0009551346302032471,
    "mirafzali_residual_knn_nw/a1.00_k512_bw2.0": 0.0010242462158203125,
    "mirafzali_residual_knn_nw/a1.00_k1024_bw0.5": 0.0008649826049804688,
    "mirafzali_residual_knn_nw/a1.00_k1024_bw1.0": 0.0010172128677368164,
    "mirafzali_residual_knn_nw/a1.00_k1024_bw2.0": 0.0010007023811340332
  }
}