{
  "best_config": "mirafzali_residual_knn_nw/a1.00_k1024_bw0.5",
  "best_value": 1.7064962059371618,
  "all_values": {
    "mirafzali/default": 1.7081458369929567,
    "mirafzali_residual_binned/a0.25": 1.708148068870575,
    "mirafzali_residual_binned/a0.50": 1.7081231898165568,
    "mirafzali_residual_binned/a0.75": 1.7084248595297322,
    "mirafzali_residual_binned/a1.00": 1.7081564973266767,
    "mirafzali_residual_nw/a0.25_bw1.0": 1.7079191077487537,
    "mirafzali_residual_nw/a0.25_bw2.0": 1.7076535572501108,
    "mirafzali_residual_nw/a0.25_bw4.0": 1.7078443478005112,
    "mirafzali_residual_nw/a0.50_bw1.0": 1.7080597636552417,
    "mirafzali_residual_nw/a0.50_bw2.0": 1.7076846766180365,
    "mirafzali_residual_nw/a0.50_bw4.0": 1.7077385586966898,
    "mirafzali_residual_nw/a0.75_bw1.0": 1.7080912251962865,
    "mirafzali_residual_nw/a0.75_bw2.0": 1.7076812697395252,
    "mirafzali_residual_nw/a0.75_bw4.0": 1.7076367373042385,
    "mirafzali_residual_nw/a1.00_bw1.0": 1.7081753388968712,
    "mirafzali_residual_nw/a1.00_bw2.0": 1.7077915431156168,
    "mirafzali_residual_nw/a1.00_bw4.0": 1.707452493623141,
    "mirafzali_residual_knn_nw/a0.25_k128_bw0.5": 1.7075400087281825,
    "mirafzali_residual_knn_nw/a0.25_k128_bw1.0": 1.7078504140493147,
    "mirafzali_residual_knn_nw/a0.25_k128_bw2.0": 1.7076543321791757,
    "mirafzali_residual_knn_nw/a0.25_k256_bw0.5": 1.7076273597793579,
    "mirafzali_residual_knn_nw/a0.25_k256_bw1.0": 1.7077975839383925,
    "mirafzali_residual_knn_nw/a0.25_k256_bw2.0": 1.7076352924317018,
    "mirafzali_residual_knn_nw/a0.25_k512_bw0.5": 1.7077768186791829,
    "mirafzali_residual_knn_nw/a0.25_k512_bw1.0": 1.707596522158413,
    "mirafzali_residual_knn_nw/a0.25_k512_bw2.0": 1.7076647081504257,
    "mirafzali_residual_knn_nw/a0.25_k1024_bw0.5": 1.7075359106202428,
    "mirafzali_residual_knn_nw/a0.25_k1024_bw1.0": 1.7075937015089278,
    "mirafzali_residual_knn_nw/a0.25_k1024_bw2.0": 1.70769412326334,
    "mirafzali_residual_knn_nw/a0.50_k128_bw0.5": 1.707257138086613,
    "mirafzali_residual_knn_nw/a0.50_k128_bw1.0": 1.7080222794769082,
    "mirafzali_residual_knn_nw/a0.50_k128_bw2.0": 1.7076087993796136,
    "mirafzali_residual_knn_nw/a0.50_k256_bw0.5": 1.707708762788522,
    "mirafzali_residual_knn_nw/a0.50_k256_bw1.0": 1.7078099685637245,
    "mirafzali_residual_knn_nw/a0.50_k256_bw2.0": 1.7074513414229562,
    "mirafzali_residual_knn_nw/a0.50_k512_bw0.5": 1.7079193925722391,
    "mirafzali_residual_knn_nw/a0.50_k512_bw1.0": 1.7073999258148203,
    "mirafzali_residual_knn_nw/a0.50_k512_bw2.0": 1.707480359653765,
    "mirafzali_residual_knn_nw/a0.50_k1024_bw0.5": 1.7072370857990098,
    "mirafzali_residual_knn_nw/a0.50_k1024_bw1.0": 1.7074287062774687,
    "mirafzali_residual_knn_nw/a0.50_k1024_bw2.0": 1.7074943222632555,
    "mirafzali_residual_knn_nw/a0.75_k128_bw0.5": 1.7071598748599206,
    "mirafzali_residual_knn_nw/a0.75_k128_bw1.0": 1.707990741558648,
    "mirafzali_residual_knn_nw/a0.75_k128_bw2.0": 1.7073189559461641,
    "mirafzali_residual_knn_nw/a0.75_k256_bw0.5": 1.7075297925471056,
    "mirafzali_residual_knn_nw/a0.75_k256_bw1.0": 1.7076934418194623,
    "mirafzali_residual_knn_nw/a0.75_k256_bw2.0": 1.7070967910692454,
    "mirafzali_residual_knn_nw/a0.75_k512_bw0.5": 1.70775165587293,
    "mirafzali_residual_knn_nw/a0.75_k512_bw1.0": 1.7071779376284268,
    "mirafzali_residual_knn_nw/a0.75_k512_bw2.0": 1.707256295849916,
    "mirafzali_residual_knn_nw/a0.75_k1024_bw0.5": 1.7069453665195493,
    "mirafzali_residual_knn_nw/a0.75_k1024_bw1.0": 1.7070628851534493,
    "mirafzali_residual_knn_nw/a0.75_k1024_bw2.0": 1.7073086650319202,
    "mirafzali_residual_knn_nw/a1.00_k128_bw0.5": 1.7067724483762619,
    "mirafzali_residual_knn_nw/a1.00_k128_bw1.0": 1.7079157009128738,
    "mirafzali_residual_knn_nw/a1.00_k128_bw2.0": 1.7071382474655028,
    "mirafzali_residual_knn_nw/a1.00_k256_bw0.5": 1.7075666476209101,
    "mirafzali_residual_knn_nw/a1.00_k256_bw1.0": 1.7075243157578226,
    "mirafzali_residual_knn_nw/a1.00_k256_bw2.0": 1.7068605447060121,
    "mirafzali_residual_knn_nw/a1.00_k512_bw0.5": 1.7076197068168342,
    "mirafzali_residual_knn_nw/a1.00_k512_bw1.0": 1.7068658688188452,
    "mirafzali_residual_knn_nw/a1.00_k512_bw2.0": 1.7070866106927736,
    "mirafzali_residual_knn_nw/a1.00_k1024_bw0.5": 1.7064962059371618,
    "mirafzali_residual_knn_nw/a1.00_k1024_bw1.0": 1.7067624907847243,
    "mirafzali_residual_knn_nw/a1.00_k1024_bw2.0": 1.7072067952900591
  }
}