{
  "mode_coverage": {
    "n_covered": 8,
    "n_modes": 8,
    "coverage_fraction": 1.0,
    "min_proportion": 0.11896666666666667,
    "max_proportion": 0.12983333333333333,
    "proportions": [
      0.129,
      0.12983333333333333,
      0.12973333333333334,
      0.12483333333333334,
      0.12406666666666667,
      0.12276666666666666,
      0.11896666666666667,
      0.1208
    ]
  },
  "nearest_mode_dist": {
    "mean": 0.44969314336776733,
    "std": 0.2325943559408188,
    "median": 0.4249286949634552
  },
  "mmd_rbf": 0.0017415686478376435,
  "sliced_wasserstein": 0.14490335391260975,
  "nan_rate": 0.0,
  "n_samples": 30000
}