{
  "nan_rate": 0.0,
  "n_samples": 20000,
  "mmd_rbf": 0.00199010968208313,
  "sliced_wasserstein": 1.7403201673081594,
  "var_S": null,
  "var_D": null,
  "var_delta": null,
  "var_H": 1.2264384031295776,
  "mean_H_norm": 1.2268025875091553,
  "var_H_norm": 0.9478363394737244,
  "mean_A2": null,
  "mean_B2": null,
  "mean_C2": null,
  "reverse_init": "stationary",
  "correction": "a_correction",
  "n_paths": 25000,
  "n_epochs": 5000,
  "batch_size": 4096,
  "n_steps_per_unit": 250,
  "n_steps_rev": 1000,
  "n_times": 12,
  "sim_seconds": 2.884488068521023,
  "teacher_seconds": 0.0029471106827259064,
  "forward_seconds": 2.8874351792037487,
  "train_seconds": 819.8709756117314,
  "reverse_seconds": 297.046931065619,
  "eval_seconds": 1.8460807483643293,
  "total_seconds": 1123.4481105748564
}