{
  "nan_rate": 0.0,
  "n_samples": 20000,
  "mmd_rbf": 0.014862209558486938,
  "sliced_wasserstein": 3.641052326125541,
  "reverse_init": "stationary"
}