{
  "nan_rate": 0.0,
  "n_samples": 20000,
  "mmd_rbf": -0.00014394521713256836,
  "sliced_wasserstein": 1.711978295757102,
  "var_S": null,
  "var_D": null,
  "var_delta": null,
  "var_H": 0.547122061252594,
  "mean_H_norm": 0.9606237411499023,
  "var_H_norm": 0.17144688963890076,
  "mean_A2": null,
  "mean_B2": null,
  "mean_C2": null,
  "reverse_init": "stationary",
  "correction": "approx",
  "n_paths": 25000,
  "n_epochs": 5000,
  "batch_size": 4096,
  "n_steps_per_unit": 250,
  "n_steps_rev": 1000,
  "n_times": 12,
  "sim_seconds": 3.141860708594322,
  "teacher_seconds": 0.3936919402331114,
  "forward_seconds": 3.5355526488274336,
  "train_seconds": 809.4823374450207,
  "reverse_seconds": 297.9235696531832,
  "eval_seconds": 2.031242970377207,
  "total_seconds": 1113.6051891688257
}