{
  "best_config": "mirafzali_residual_nw/a1.00_bw1.0",
  "best_value": 0.0005210638046264648,
  "all_values": {
    "mirafzali/default": 0.0012687444686889648,
    "mirafzali_residual_binned/a0.25": 0.001129060983657837,
    "mirafzali_residual_binned/a0.50": 0.001085907220840454,
    "mirafzali_residual_binned/a0.75": 0.0009815692901611328,
    "mirafzali_residual_binned/a1.00": 0.0010921955108642578,
    "mirafzali_residual_nw/a0.25_bw1.0": 0.0009643435478210449,
    "mirafzali_residual_nw/a0.25_bw2.0": 0.000985860824584961,
    "mirafzali_residual_nw/a0.25_bw4.0": 0.0010392367839813232,
    "mirafzali_residual_nw/a0.50_bw1.0": 0.0007771849632263184,
    "mirafzali_residual_nw/a0.50_bw2.0": 0.0008361339569091797,
    "mirafzali_residual_nw/a0.50_bw4.0": 0.0008718669414520264,
    "mirafzali_residual_nw/a0.75_bw1.0": 0.0006504952907562256,
    "mirafzali_residual_nw/a0.75_bw2.0": 0.0007399320602416992,
    "mirafzali_residual_nw/a0.75_bw4.0": 0.0007929801940917969,
    "mirafzali_residual_nw/a1.00_bw1.0": 0.0005210638046264648,
    "mirafzali_residual_nw/a1.00_bw2.0": 0.0005922913551330566,
    "mirafzali_residual_nw/a1.00_bw4.0": 0.0006913840770721436,
    "mirafzali_residual_knn_nw/a0.25_k128_bw0.5": 0.0009510815143585205,
    "mirafzali_residual_knn_nw/a0.25_k128_bw1.0": 0.000979781150817871,
    "mirafzali_residual_knn_nw/a0.25_k128_bw2.0": 0.0010655522346496582,
    "mirafzali_residual_knn_nw/a0.25_k256_bw0.5": 0.000979304313659668,
    "mirafzali_residual_knn_nw/a0.25_k256_bw1.0": 0.0010472536087036133,
    "mirafzali_residual_knn_nw/a0.25_k256_bw2.0": 0.0010661184787750244,
    "mirafzali_residual_knn_nw/a0.25_k512_bw0.5": 0.0009644627571105957,
    "mirafzali_residual_knn_nw/a0.25_k512_bw1.0": 0.0010492205619812012,
    "mirafzali_residual_knn_nw/a0.25_k512_bw2.0": 0.0010380744934082031,
    "mirafzali_residual_knn_nw/a0.25_k1024_bw0.5": 0.0009885430335998535,
    "mirafzali_residual_knn_nw/a0.25_k1024_bw1.0": 0.0010705292224884033,
    "mirafzali_residual_knn_nw/a0.25_k1024_bw2.0": 0.0010406970977783203,
    "mirafzali_residual_knn_nw/a0.50_k128_bw0.5": 0.0007848739624023438,
    "mirafzali_residual_knn_nw/a0.50_k128_bw1.0": 0.0008420646190643311,
    "mirafzali_residual_knn_nw/a0.50_k128_bw2.0": 0.000958561897277832,
    "mirafzali_residual_knn_nw/a0.50_k256_bw0.5": 0.0007825493812561035,
    "mirafzali_residual_knn_nw/a0.50_k256_bw1.0": 0.0009166598320007324,
    "mirafzali_residual_knn_nw/a0.50_k256_bw2.0": 0.0009403228759765625,
    "mirafzali_residual_knn_nw/a0.50_k512_bw0.5": 0.0008201897144317627,
    "mirafzali_residual_knn_nw/a0.50_k512_bw1.0": 0.0009334087371826172,
    "mirafzali_residual_knn_nw/a0.50_k512_bw2.0": 0.0009528398513793945,
    "mirafzali_residual_knn_nw/a0.50_k1024_bw0.5": 0.0009124279022216797,
    "mirafzali_residual_knn_nw/a0.50_k1024_bw1.0": 0.0009444057941436768,
    "mirafzali_residual_knn_nw/a0.50_k1024_bw2.0": 0.000973045825958252,
    "mirafzali_residual_knn_nw/a0.75_k128_bw0.5": 0.0006454586982727051,
    "mirafzali_residual_knn_nw/a0.75_k128_bw1.0": 0.00070914626121521,
    "mirafzali_residual_knn_nw/a0.75_k128_bw2.0": 0.0008534789085388184,
    "mirafzali_residual_knn_nw/a0.75_k256_bw0.5": 0.0007220208644866943,
    "mirafzali_residual_knn_nw/a0.75_k256_bw1.0": 0.0008176863193511963,
    "mirafzali_residual_knn_nw/a0.75_k256_bw2.0": 0.0008209943771362305,
    "mirafzali_residual_knn_nw/a0.75_k512_bw0.5": 0.0007404685020446777,
    "mirafzali_residual_knn_nw/a0.75_k512_bw1.0": 0.0008249580860137939,
    "mirafzali_residual_knn_nw/a0.75_k512_bw2.0": 0.0008735954761505127,
    "mirafzali_residual_knn_nw/a0.75_k1024_bw0.5": 0.0007472336292266846,
    "mirafzali_residual_knn_nw/a0.75_k1024_bw1.0": 0.0008781850337982178,
    "mirafzali_residual_knn_nw/a0.75_k1024_bw2.0": 0.000908195972442627,
    "mirafzali_residual_knn_nw/a1.00_k128_bw0.5": 0.0005266070365905762,
    "mirafzali_residual_knn_nw/a1.00_k128_bw1.0": 0.000736624002456665,
    "mirafzali_residual_knn_nw/a1.00_k128_bw2.0": 0.0007919371128082275,
    "mirafzali_residual_knn_nw/a1.00_k256_bw0.5": 0.0005466639995574951,
    "mirafzali_residual_knn_nw/a1.00_k256_bw1.0": 0.0007739067077636719,
    "mirafzali_residual_knn_nw/a1.00_k256_bw2.0": 0.0007590055465698242,
    "mirafzali_residual_knn_nw/a1.00_k512_bw0.5": 0.0007156431674957275,
    "mirafzali_residual_knn_nw/a1.00_k512_bw1.0": 0.0007903873920440674,
    "mirafzali_residual_knn_nw/a1.00_k512_bw2.0": 0.0008074045181274414,
    "mirafzali_residual_knn_nw/a1.00_k1024_bw0.5": 0.0007644593715667725,
    "mirafzali_residual_knn_nw/a1.00_k1024_bw1.0": 0.0007725059986114502,
    "mirafzali_residual_knn_nw/a1.00_k1024_bw2.0": 0.0007646083831787109
  }
}