{
  "best_config": "mirafzali_residual_knn_nw/a1.00_k1024_bw0.5",
  "best_value": 1.7180557158172565,
  "all_values": {
    "mirafzali/default": 1.7194930627099358,
    "mirafzali_residual_binned/a0.25": 1.719194987299203,
    "mirafzali_residual_binned/a0.50": 1.7184440004438255,
    "mirafzali_residual_binned/a0.75": 1.7181255276440544,
    "mirafzali_residual_binned/a1.00": 1.7185669961827472,
    "mirafzali_residual_nw/a0.25_bw1.0": 1.7193667946779254,
    "mirafzali_residual_nw/a0.25_bw2.0": 1.7195279572739899,
    "mirafzali_residual_nw/a0.25_bw4.0": 1.7196576122325629,
    "mirafzali_residual_nw/a0.50_bw1.0": 1.7194308166287433,
    "mirafzali_residual_nw/a0.50_bw2.0": 1.7196634892773135,
    "mirafzali_residual_nw/a0.50_bw4.0": 1.7199486837378595,
    "mirafzali_residual_nw/a0.75_bw1.0": 1.719256313285586,
    "mirafzali_residual_nw/a0.75_bw2.0": 1.7193916461726562,
    "mirafzali_residual_nw/a0.75_bw4.0": 1.7201488488224062,
    "mirafzali_residual_nw/a1.00_bw1.0": 1.7194418917341656,
    "mirafzali_residual_nw/a1.00_bw2.0": 1.7192743751743598,
    "mirafzali_residual_nw/a1.00_bw4.0": 1.7202175219960514,
    "mirafzali_residual_knn_nw/a0.25_k128_bw0.5": 1.7191259349078216,
    "mirafzali_residual_knn_nw/a0.25_k128_bw1.0": 1.7192231447160977,
    "mirafzali_residual_knn_nw/a0.25_k128_bw2.0": 1.7192850328905747,
    "mirafzali_residual_knn_nw/a0.25_k256_bw0.5": 1.7191849304090192,
    "mirafzali_residual_knn_nw/a0.25_k256_bw1.0": 1.7193514508301861,
    "mirafzali_residual_knn_nw/a0.25_k256_bw2.0": 1.7192670184618526,
    "mirafzali_residual_knn_nw/a0.25_k512_bw0.5": 1.7193027578327889,
    "mirafzali_residual_knn_nw/a0.25_k512_bw1.0": 1.719246235568752,
    "mirafzali_residual_knn_nw/a0.25_k512_bw2.0": 1.7193144433515064,
    "mirafzali_residual_knn_nw/a0.25_k1024_bw0.5": 1.7192211267918236,
    "mirafzali_residual_knn_nw/a0.25_k1024_bw1.0": 1.7192547055956964,
    "mirafzali_residual_knn_nw/a0.25_k1024_bw2.0": 1.7193207562146342,
    "mirafzali_residual_knn_nw/a0.50_k128_bw0.5": 1.718853000408189,
    "mirafzali_residual_knn_nw/a0.50_k128_bw1.0": 1.719130768515464,
    "mirafzali_residual_knn_nw/a0.50_k128_bw2.0": 1.719057064816131,
    "mirafzali_residual_knn_nw/a0.50_k256_bw0.5": 1.7192513558956048,
    "mirafzali_residual_knn_nw/a0.50_k256_bw1.0": 1.719188808490931,
    "mirafzali_residual_knn_nw/a0.50_k256_bw2.0": 1.718951260246595,
    "mirafzali_residual_knn_nw/a0.50_k512_bw0.5": 1.7190833595643116,
    "mirafzali_residual_knn_nw/a0.50_k512_bw1.0": 1.718917941956587,
    "mirafzali_residual_knn_nw/a0.50_k512_bw2.0": 1.7189969657666984,
    "mirafzali_residual_knn_nw/a0.50_k1024_bw0.5": 1.7187784541870894,
    "mirafzali_residual_knn_nw/a0.50_k1024_bw1.0": 1.7189572224523795,
    "mirafzali_residual_knn_nw/a0.50_k1024_bw2.0": 1.7190373470317146,
    "mirafzali_residual_knn_nw/a0.75_k128_bw0.5": 1.7187090288767586,
    "mirafzali_residual_knn_nw/a0.75_k128_bw1.0": 1.719084337128439,
    "mirafzali_residual_knn_nw/a0.75_k128_bw2.0": 1.7189307104688998,
    "mirafzali_residual_knn_nw/a0.75_k256_bw0.5": 1.718820336056869,
    "mirafzali_residual_knn_nw/a0.75_k256_bw1.0": 1.7188373827720442,
    "mirafzali_residual_knn_nw/a0.75_k256_bw2.0": 1.7186608357511557,
    "mirafzali_residual_knn_nw/a0.75_k512_bw0.5": 1.718787102210174,
    "mirafzali_residual_knn_nw/a0.75_k512_bw1.0": 1.7186458267476854,
    "mirafzali_residual_knn_nw/a0.75_k512_bw2.0": 1.7187576069644717,
    "mirafzali_residual_knn_nw/a0.75_k1024_bw0.5": 1.7183895616122564,
    "mirafzali_residual_knn_nw/a0.75_k1024_bw1.0": 1.7186551117100906,
    "mirafzali_residual_knn_nw/a0.75_k1024_bw2.0": 1.7187206082775548,
    "mirafzali_residual_knn_nw/a1.00_k128_bw0.5": 1.7183483166171154,
    "mirafzali_residual_knn_nw/a1.00_k128_bw1.0": 1.7190646811004424,
    "mirafzali_residual_knn_nw/a1.00_k128_bw2.0": 1.718516743401941,
    "mirafzali_residual_knn_nw/a1.00_k256_bw0.5": 1.7186595953563568,
    "mirafzali_residual_knn_nw/a1.00_k256_bw1.0": 1.718837296017528,
    "mirafzali_residual_knn_nw/a1.00_k256_bw2.0": 1.7183083474160172,
    "mirafzali_residual_knn_nw/a1.00_k512_bw0.5": 1.7188024018849193,
    "mirafzali_residual_knn_nw/a1.00_k512_bw1.0": 1.7182739321814882,
    "mirafzali_residual_knn_nw/a1.00_k512_bw2.0": 1.7182832624981557,
    "mirafzali_residual_knn_nw/a1.00_k1024_bw0.5": 1.7180557158172565,
    "mirafzali_residual_knn_nw/a1.00_k1024_bw1.0": 1.718278874277741,
    "mirafzali_residual_knn_nw/a1.00_k1024_bw2.0": 1.7185249942861298
  }
}