{
  "nan_rate": 0.0,
  "n_samples": 20000,
  "mmd_rbf": 0.0006200671195983887,
  "sliced_wasserstein": 1.283567508746918,
  "mode_coverage": {
    "n_covered": 8,
    "n_modes": 8,
    "coverage_fraction": 1.0,
    "min_proportion": 0.11925,
    "max_proportion": 0.1346,
    "mean_nearest_dist": 0.2826346158981323
  },
  "reverse_init": "stationary"
}