{
  "mode_coverage": {
    "n_covered": 8,
    "n_modes": 8,
    "coverage_fraction": 1.0,
    "min_proportion": 0.12086666666666666,
    "max_proportion": 0.13066666666666665,
    "proportions": [
      0.1266,
      0.12086666666666666,
      0.1234,
      0.12206666666666667,
      0.1245,
      0.1238,
      0.1281,
      0.13066666666666665
    ]
  },
  "nearest_mode_dist": {
    "mean": 0.5129793882369995,
    "std": 0.2585981786251068,
    "median": 0.49191027879714966
  },
  "mmd_rbf": 0.0036534002564654333,
  "sliced_wasserstein": 0.16609652659479185,
  "nan_rate": 0.0,
  "n_samples": 30000
}