{
  "nan_rate": 0.0,
  "n_samples": 20000,
  "mmd_rbf": 0.00042116641998291016,
  "sliced_wasserstein": 1.7042061902103012,
  "reverse_init": "stationary"
}