{
  "nan_rate": 0.0,
  "n_samples": 20000,
  "mmd_rbf": 0.002682805061340332,
  "sliced_wasserstein": 1.6142000114968016,
  "var_S": 0.5422348976135254,
  "var_D": 3.7342069149017334,
  "var_delta": 5.753238201141357,
  "var_H": 5.753238201141357,
  "mean_H_norm": 2.914726734161377,
  "var_H_norm": 3.0108489990234375,
  "mean_A2": 0.09682599029550329,
  "mean_B2": 0.03637890157764659,
  "mean_C2": 0.3868457753136754,
  "reverse_init": "stationary",
  "correction": "mirafzali_full",
  "n_paths": 25000,
  "n_epochs": 5000,
  "batch_size": 4096,
  "n_steps_per_unit": 250,
  "n_steps_rev": 1000,
  "n_times": 12,
  "sim_seconds": 2.9683061614632607,
  "teacher_seconds": 0.0027472935616970062,
  "forward_seconds": 2.9710534550249577,
  "train_seconds": 819.489575477317,
  "reverse_seconds": 297.65891485102475,
  "eval_seconds": 1.836091436445713,
  "total_seconds": 1122.518326960504
}