{
  "nan_rate": 0.0,
  "n_samples": 20000,
  "mmd_rbf": 0.07290245592594147,
  "sliced_wasserstein": 2.0280057651347754,
  "mode_coverage": {
    "n_covered": 8,
    "n_modes": 8,
    "coverage_fraction": 1.0,
    "min_proportion": 0.12,
    "max_proportion": 0.12905,
    "mean_nearest_dist": 1.6854881048202515
  }
}