{
  "nan_rate": 0.0,
  "n_samples": 20000,
  "mmd_rbf": 0.0007835924625396729,
  "sliced_wasserstein": 1.7348165851777606,
  "var_S": null,
  "var_D": null,
  "var_delta": null,
  "var_H": 1.1894166469573975,
  "mean_H_norm": 1.2155489921569824,
  "var_H_norm": 0.9013696312904358,
  "mean_A2": null,
  "mean_B2": null,
  "mean_C2": null,
  "reverse_init": "stationary",
  "correction": "a_correction",
  "n_paths": 25000,
  "n_epochs": 5000,
  "batch_size": 4096,
  "n_steps_per_unit": 250,
  "n_steps_rev": 1000,
  "n_times": 12,
  "sim_seconds": 3.324555041268468,
  "teacher_seconds": 0.003473101183772087,
  "forward_seconds": 3.32802814245224,
  "train_seconds": 816.1785094179213,
  "reverse_seconds": 297.58921798691154,
  "eval_seconds": 2.0374305695295334,
  "total_seconds": 1121.0977683849633
}