{
  "nan_rate": 0.0,
  "n_samples": 20000,
  "mmd_rbf": 0.0005941390991210938,
  "sliced_wasserstein": 1.3071956196931485,
  "mode_coverage": {
    "n_covered": 8,
    "n_modes": 8,
    "coverage_fraction": 1.0,
    "min_proportion": 0.11345,
    "max_proportion": 0.1359,
    "mean_nearest_dist": 0.3898236155509949
  },
  "reverse_init": "stationary"
}