{
  "nan_rate": 0.0,
  "n_samples": 20000,
  "mmd_rbf": 0.0010380744934082031,
  "sliced_wasserstein": 1.7193144433515064,
  "method": "mirafzali_residual_knn_nw",
  "residual_alpha": 0.25,
  "residual_knn_k": 512,
  "residual_knn_bandwidth_scale": 2.0,
  "var_H": 2.9847326278686523,
  "var_residual": 1.6416393518447876,
  "mean_residual_norm": 1.232181191444397,
  "config_key": "mirafzali_residual_knn_nw/a0.25_k512_bw2.0"
}